0;1;2;3;4;5;6;7;8;tabela_origem;arquivo_origem;ano_origem;9;
Ciências Biológicas (Bac/Lic) - integral - Bauru;40;35;4;1;0;12;28;40;1;2015-45-56.pdf;2015;;
Ciências Biológicas (Lic) - noturno - Bauru;40;33;3;4;0;18;22;40;1;2015-45-56.pdf;2015;;
Educação Física (Bac/Lic) - integral - Bauru;40;29;5;6;0;31;9;40;1;2015-45-56.pdf;2015;;
Educação Física (Bac/Lic) - noturno - Bauru;40;33;5;2;0;30;10;40;1;2015-45-56.pdf;2015;;
Ciências Biológicas (Bac/Lic) - integral - Bauru;40;2;0;0;1;1;2;;2;2015-45-56.pdf;2015;;
Ciências Biológicas (Lic) - noturno - Bauru;40;5;0;2;5;2;7;;2;2015-45-56.pdf;2015;;
Educação Física (Bac/Lic) - integral - Bauru;40;5;0;0;2;3;5;;2;2015-45-56.pdf;2015;;
Educação Física (Bac/Lic) - noturno - Bauru;40;4;1;1;5;1;6;;2;2015-45-56.pdf;2015;;
Ciências Biológicas (Bac/Lic) - integral - Bauru;40;4;0;1;1;4;5;;3;2015-45-56.pdf;2015;;
Ciências Biológicas (Lic) - noturno - Bauru;40;7;1;0;2;6;8;;3;2015-45-56.pdf;2015;;
Educação Física (Bac/Lic) - integral - Bauru;40;3;0;1;2;2;4;;3;2015-45-56.pdf;2015;;
Educação Física (Bac/Lic) - noturno - Bauru;40;6;0;0;4;2;6;;3;2015-45-56.pdf;2015;;
Ciência da Computação (Bac) - integral - Bauru;30;13;4;14;-1;30;1;31;4;2015-45-56.pdf;2015;;
Engenharia Civil - integral - Bauru;60;13;22;25;0;43;17;60;4;2015-45-56.pdf;2015;;
Engenharia Elétrica - integral - Bauru;60;19;14;27;0;50;10;60;4;2015-45-56.pdf;2015;;
Engenharia Mecânica - integral - Bauru;60;15;17;28;0;54;6;60;4;2015-45-56.pdf;2015;;
Física (Lic - noturno) / (Bac em Física de Materiais - vespertino/noturno)  - Bauru;60;50;2;12;-4;46;18;64;4;2015-45-56.pdf;2015;;
Matemática (Lic) - noturno - Bauru;40;31;7;5;-3;24;19;43;4;2015-45-56.pdf;2015;;
Meteorologia (Bac) - integral - Bauru;40;21;0;17;2;24;14;38;4;2015-45-56.pdf;2015;;
Bauru;;;;;;;;;4;2015-45-56.pdf;2015;;
Sistemas de Informação (Bac) - noturno - Bauru;40;27;8;5;0;28;12;40;4;2015-45-56.pdf;2015;;
Ciência da Computação (Bac) - integral - Bauru;30;0;0;0;0;0;0;;5;2015-45-56.pdf;2015;;
Engenharia Civil - integral - Bauru;60;0;0;0;0;0;0;;5;2015-45-56.pdf;2015;;
Engenharia Elétrica - integral - Bauru;60;0;1;0;1;0;1;;5;2015-45-56.pdf;2015;;
Engenharia Mecânica - integral - Bauru;60;0;0;1;1;0;1;;5;2015-45-56.pdf;2015;;
Física (Lic - noturno) / (Bac em Física de Materiais - vespertino/noturno) - Bauru;60;8;0;2;7;3;10;;5;2015-45-56.pdf;2015;;
Matemática (Lic) - noturno - Bauru;40;8;4;3;6;9;15;;5;2015-45-56.pdf;2015;;
Meteorologia (Bac) - integral - Bauru;40;4;0;2;4;2;6;;5;2015-45-56.pdf;2015;;
Química (Bac em Química Ambiental Tecnológica / Lic em Química) - noturno - Bauru;40;0;1;3;3;1;4;;5;2015-45-56.pdf;2015;;
Sistemas de Informação (Bac) - noturno - Bauru;40;0;0;1;1;0;1;;5;2015-45-56.pdf;2015;;
Ciência da Computação (Bac) - integral - Bauru;30;4;0;4;8;0;8;;6;2015-45-56.pdf;2015;;
Engenharia Civil - integral - Bauru;60;1;5;1;4;3;7;;6;2015-45-56.pdf;2015;;
Engenharia Elétrica - integral - Bauru;60;6;2;1;9;0;9;;6;2015-45-56.pdf;2015;;
Engenharia Mecânica - integral - Bauru;60;4;1;4;8;1;9;;6;2015-45-56.pdf;2015;;
Física (Lic - noturno) / (Bac em Física de Materiais - vespertino/noturno) - Bauru;60;15;1;5;13;8;21;;6;2015-45-56.pdf;2015;;
Matemática (Lic) - noturno - Bauru;40;2;1;1;2;2;4;;6;2015-45-56.pdf;2015;;
Meteorologia (Bac) - integral - Bauru;40;3;0;4;3;4;7;;6;2015-45-56.pdf;2015;;
Química (Bac em Química Ambiental Tecnológica / Lic em Química) - noturno - Bauru;40;7;0;2;5;4;9;;6;2015-45-56.pdf;2015;;
Sistemas de Informação (Bac) - noturno - Bauru;40;8;4;2;5;9;14;;6;2015-45-56.pdf;2015;;
Arquitetura e Urbanismo - integral - Bauru;45;21;10;14;0;17;;28;7;2015-45-56.pdf;2015;45;
Artes Visuais (Bac/Lic) - vespertino/noturno - Bauru;40;36;2;4;-2;15;;27;7;2015-45-56.pdf;2015;42;
Comunicação Social (Jornalismo) - diurno - Bauru;40;21;9;5;5;10;;25;7;2015-45-56.pdf;2015;35;
Comunicação Social (Jornalismo) - noturno - Bauru;50;39;3;5;3;25;;22;7;2015-45-56.pdf;2015;47;
Comunicação Social (Radialismo) - diurno - Bauru;30;12;9;9;0;7;;23;7;2015-45-56.pdf;2015;30;
Comunicação Social (Relações Públicas) - noturno - Bauru;50;32;5;12;1;15;;34;7;2015-45-56.pdf;2015;49;
Design (Design Gráﬁ co ou de Produto) - noturno - Bauru;60;52;6;2;0;40;;20;7;2015-45-56.pdf;2015;60;
Design (Design Gráﬁ co) - diurno - Bauru;30;23;3;2;2;19;;9;7;2015-45-56.pdf;2015;28;
Pedagogia (Lic) - noturno - Bauru;40;34;4;3;-1;4;37;41;9;2015-45-56.pdf;2015;;
Psicologia - integral - Bauru;35;20;3;12;0;10;25;35;9;2015-45-56.pdf;2015;;
Psicologia - noturno - Bauru;35;30;3;2;0;18;17;35;9;2015-45-56.pdf;2015;;
Arquitetura e Urbanismo - integral - Bauru;45;1;0;0;1;;0;1;10;2015-45-56.pdf;2015;;
Artes Visuais (Bac/Lic) - vespertino/noturno - Bauru;40;5;0;0;3;;2;5;10;2015-45-56.pdf;2015;;
Comunicação Social (Jornalismo) - diurno - Bauru;40;2;0;0;1;;1;2;10;2015-45-56.pdf;2015;;
Comunicação Social (Jornalismo) - noturno - Bauru;50;2;0;0;0;;2;2;10;2015-45-56.pdf;2015;;
Comunicação Social (Radialismo) - diurno - Bauru;30;0;0;1;0;;1;1;10;2015-45-56.pdf;2015;;
Comunicação Social (Relações Públicas) - noturno - Bauru;50;3;0;2;0;;5;5;10;2015-45-56.pdf;2015;;
Design (Design Gráﬁ co ou de Produto)- noturno - Bauru;60;5;0;1;3;;3;6;10;2015-45-56.pdf;2015;;
Design (Design Gráﬁ co)- diurno - Bauru;30;1;2;0;1;;2;3;10;2015-45-56.pdf;2015;;
Pedagogia (Lic) - noturno - Bauru;40;5;0;0;0;5;5;;11;2015-45-56.pdf;2015;;
Psicologia - integral - Bauru;35;1;1;2;1;3;4;;11;2015-45-56.pdf;2015;;
Arquitetura e Urbanismo - integral - Bauru;45;0;0;1;0;1;1;;12;2015-45-56.pdf;2015;;
Artes Visuais (Bac/Lic) - vespertino/noturno - Bauru;40;10;1;0;5;6;11;;12;2015-45-56.pdf;2015;;
Comunicação Social (Jornalismo) - diurno - Bauru;40;1;1;0;0;2;2;;12;2015-45-56.pdf;2015;;
Comunicação Social (Jornalismo) - noturno - Bauru;50;5;0;0;4;1;5;;12;2015-45-56.pdf;2015;;
Comunicação Social (Radialismo) - diurno - Bauru;30;1;0;2;2;1;3;;12;2015-45-56.pdf;2015;;
Comunicação Social (Relações Públicas) - noturno - Bauru;50;2;1;1;2;2;4;;12;2015-45-56.pdf;2015;;
Design (Design Gráﬁ co ou de Produto) - noturno - Bauru;60;6;2;0;5;3;8;;12;2015-45-56.pdf;2015;;
Design (Design Gráﬁ co) - diurno - Bauru;30;2;0;0;2;0;2;;12;2015-45-56.pdf;2015;;
Pedagogia (Lic) - noturno - Bauru;40;7;2;0;1;8;9;;13;2015-45-56.pdf;2015;;
Psicologia - integral - Bauru;35;2;0;1;0;3;3;;13;2015-45-56.pdf;2015;;
Psicologia - noturno - Bauru;35;4;0;0;3;1;4;;13;2015-45-56.pdf;2015;;
Ciências Biológicas (Bac/Lic) - integral - Bauru;40;33;2;5;0;12;28;40;1;2016-47-58.pdf;2016;;
Ciências Biológicas (Lic) - noturno - Bauru;40;32;7;1;0;21;19;40;1;2016-47-58.pdf;2016;;
Educação Física (Bac/Lic) - integral - Bauru;40;28;8;4;0;22;18;40;1;2016-47-58.pdf;2016;;
Educação Física (Bac/Lic) - noturno - Bauru;40;36;3;1;0;28;12;40;1;2016-47-58.pdf;2016;;
Ciências Biológicas (Bac/Lic) - integral - Bauru;40;0;0;1;0;1;1;;2;2016-47-58.pdf;2016;;
Ciências Biológicas (Lic) - noturno - Bauru;40;3;2;0;1;4;5;;2;2016-47-58.pdf;2016;;
Educação Física (Bac/Lic) - integral - Bauru;40;3;2;1;5;1;6;;2;2016-47-58.pdf;2016;;
Educação Física (Bac/Lic) - noturno - Bauru;40;7;1;1;7;2;9;;2;2016-47-58.pdf;2016;;
Ciências Biológicas (Bac/Lic) - integral - Bauru;40;10;0;2;2;10;12;;3;2016-47-58.pdf;2016;;
Ciências Biológicas (Lic) - noturno - Bauru;40;7;1;0;6;2;8;;3;2016-47-58.pdf;2016;;
Educação Física (Bac/Lic) - integral - Bauru;40;3;0;0;1;2;3;;3;2016-47-58.pdf;2016;;
Educação Física (Bac/Lic) - noturno - Bauru;40;2;0;0;1;1;2;;3;2016-47-58.pdf;2016;;
Ciência da Computação (Bac) - integral - Bauru;30;15;4;11;0;25;5;30;4;2016-47-58.pdf;2016;;
Engenharia Civil - integral - Bauru;60;29;16;15;0;33;27;60;4;2016-47-58.pdf;2016;;
Engenharia Elétrica - integral - Bauru;60;20;13;27;0;52;8;60;4;2016-47-58.pdf;2016;;
Engenharia Mecânica - integral - Bauru;60;16;13;31;0;51;9;60;4;2016-47-58.pdf;2016;;
Física (Lic - noturno) / (Bac em Física de Materiais - vespertino/noturno)  - Bauru;60;48;10;2;0;44;16;60;4;2016-47-58.pdf;2016;;
Matemática (Lic) - noturno - Bauru;40;35;3;5;-3;22;21;43;4;2016-47-58.pdf;2016;;
Meteorologia (Bac) - integral - Bauru;40;22;0;18;0;17;23;40;4;2016-47-58.pdf;2016;;
Bauru;;;;;;;;;4;2016-47-58.pdf;2016;;
Sistemas de Informação (Bac) - noturno - Bauru;40;26;8;6;0;33;7;40;4;2016-47-58.pdf;2016;;
Ciência da Computação (Bac) - integral - Bauru;30;2;1;1;3;1;4;;5;2016-47-58.pdf;2016;;
Engenharia Civil - integral - Bauru;60;3;2;0;2;3;5;;5;2016-47-58.pdf;2016;;
Engenharia Elétrica - integral - Bauru;60;3;0;1;4;0;4;;5;2016-47-58.pdf;2016;;
Engenharia Mecânica - integral - Bauru;60;2;0;1;3;0;3;;5;2016-47-58.pdf;2016;;
Física (Lic - noturno) / (Bac em Física de Materiais - vespertino/noturno)  - Bauru;60;5;4;0;7;2;9;;5;2016-47-58.pdf;2016;;
Matemática (Lic) - noturno - Bauru;40;5;1;0;3;3;6;;5;2016-47-58.pdf;2016;;
Meteorologia (Bac) - integral - Bauru;40;7;0;2;5;4;9;;5;2016-47-58.pdf;2016;;
Química (Bac em Química Ambiental Tecnológica / Lic em Química) - noturno - Bauru;40;8;0;0;4;4;8;;5;2016-47-58.pdf;2016;;
Sistemas de Informação (Bac) - noturno - Bauru;40;1;0;0;0;1;1;;5;2016-47-58.pdf;2016;;
Ciência da Computação (Bac) - integral - Bauru;30;3;1;2;4;2;6;;6;2016-47-58.pdf;2016;;
Engenharia Civil - integral - Bauru;60;5;3;2;9;1;10;;6;2016-47-58.pdf;2016;;
Engenharia Elétrica - integral - Bauru;60;5;2;2;8;1;9;;6;2016-47-58.pdf;2016;;
Engenharia Mecânica - integral - Bauru;60;2;3;1;6;0;6;;6;2016-47-58.pdf;2016;;
Física (Lic - noturno) / (Bac em Física de Materiais - vespertino/noturno)  - Bauru;60;9;4;1;11;3;14;;6;2016-47-58.pdf;2016;;
Matemática (Lic) - noturno - Bauru;40;7;0;1;5;3;8;;6;2016-47-58.pdf;2016;;
Meteorologia (Bac) - integral - Bauru;40;3;0;6;4;5;9;;6;2016-47-58.pdf;2016;;
Química (Bac em Química Ambiental Tecnológica / Lic em Química) - noturno - Bauru;40;7;0;0;3;4;7;;6;2016-47-58.pdf;2016;;
Sistemas de Informação (Bac) - noturno - Bauru;40;8;2;3;9;4;13;;6;2016-47-58.pdf;2016;;
Arquitetura e Urbanismo - integral - Bauru;45;31;5;9;0;16;;29;7;2016-47-58.pdf;2016;45;
Artes Visuais (Bac/Lic) - vespertino/noturno - Bauru;40;37;2;1;0;17;;23;7;2016-47-58.pdf;2016;40;
Comunicação Social (Jornalismo) - diurno - Bauru;40;21;6;13;0;14;;26;7;2016-47-58.pdf;2016;40;
Comunicação Social (Jornalismo) - noturno - Bauru;50;42;6;2;0;18;;32;7;2016-47-58.pdf;2016;50;
Comunicação Social (Radialismo) - diurno - Bauru;30;25;3;3;-1;10;;21;7;2016-47-58.pdf;2016;31;
Comunicação Social (Relações Públicas) - noturno - Bauru;50;40;5;5;0;12;;38;7;2016-47-58.pdf;2016;50;
Design (Design Gráﬁ co ou de Produto)- noturno - Bauru;60;57;2;2;-1;30;;31;7;2016-47-58.pdf;2016;61;
Design (Design Gráﬁ co)- diurno - Bauru;30;26;3;1;0;14;;16;7;2016-47-58.pdf;2016;30;
Pedagogia (Lic) - noturno - Bauru;40;34;4;2;0;3;37;40;8;2016-47-58.pdf;2016;;
Psicologia - integral - Bauru;35;20;6;9;0;12;23;35;8;2016-47-58.pdf;2016;;
Psicologia - noturno - Bauru;35;27;5;3;0;13;22;35;8;2016-47-58.pdf;2016;;
Arquitetura e Urbanismo - integral - Bauru;45;1;1;1;0;;3;3;9;2016-47-58.pdf;2016;;
Artes Visuais (Bac/Lic) - vespertino/noturno - Bauru;40;2;1;1;2;;2;4;9;2016-47-58.pdf;2016;;
Comunicação Social (Jornalismo) - diurno - Bauru;40;1;1;2;1;;3;4;9;2016-47-58.pdf;2016;;
Comunicação Social (Jornalismo) - noturno - Bauru;50;9;0;0;3;;6;9;9;2016-47-58.pdf;2016;;
Comunicação Social (Radialismo) - diurno - Bauru;30;1;0;1;2;;0;2;9;2016-47-58.pdf;2016;;
Comunicação Social (Relações Públicas) - noturno - Bauru;50;2;0;2;2;;2;4;9;2016-47-58.pdf;2016;;
Design (Design Gráﬁ co ou de Produto)- noturno - Bauru;60;4;0;0;2;;2;4;9;2016-47-58.pdf;2016;;
Design (Design Gráﬁ co)- diurno - Bauru;30;2;1;0;1;;2;3;9;2016-47-58.pdf;2016;;
Pedagogia (Lic) - noturno - Bauru;40;4;1;1;0;6;6;;10;2016-47-58.pdf;2016;;
Psicologia - integral - Bauru;35;3;1;1;1;4;5;;10;2016-47-58.pdf;2016;;
Arquitetura e Urbanismo - integral - Bauru;45;5;1;1;4;3;7;;11;2016-47-58.pdf;2016;;
Artes Visuais (Bac/Lic) - vespertino/noturno - Bauru;40;5;0;0;2;3;5;;11;2016-47-58.pdf;2016;;
Comunicação Social (Jornalismo) - diurno - Bauru;40;0;0;0;0;0;0;;11;2016-47-58.pdf;2016;;
Comunicação Social (Jornalismo) - noturno - Bauru;50;5;0;2;2;5;7;;11;2016-47-58.pdf;2016;;
Comunicação Social (Radialismo) - diurno - Bauru;30;4;0;0;3;1;4;;11;2016-47-58.pdf;2016;;
Comunicação Social (Relações Públicas) - noturno - Bauru;50;4;2;0;3;3;6;;11;2016-47-58.pdf;2016;;
Design (Design Gráﬁ co ou de Produto)- noturno - Bauru;60;9;0;0;4;5;9;;11;2016-47-58.pdf;2016;;
Design (Design Gráﬁ co)- diurno - Bauru;30;2;1;0;2;1;3;;11;2016-47-58.pdf;2016;;
Pedagogia (Lic) - noturno - Bauru;40;5;1;0;2;4;6;;12;2016-47-58.pdf;2016;;
Psicologia - integral - Bauru;35;1;1;0;1;1;2;;12;2016-47-58.pdf;2016;;
Psicologia - noturno - Bauru;35;3;0;0;0;3;3;;12;2016-47-58.pdf;2016;;
Ciências Biológicas (Bac/Lic) - integral - Bauru;40;28;8;3;1;17;22;39;1;2017-47-58.pdf;2017;;
Ciências Biológicas (Lic) - noturno - Bauru;40;35;0;4;1;14;25;39;1;2017-47-58.pdf;2017;;
Educação Física (Bac/Lic) - integral - Bauru;40;30;9;1;0;26;14;40;1;2017-47-58.pdf;2017;;
Educação Física (Bac/Lic) - noturno - Bauru;40;34;4;2;0;27;13;40;1;2017-47-58.pdf;2017;;
Ciências Biológicas (Bac/Lic) - integral - Bauru;40;3;1;0;1;3;4;;2;2017-47-58.pdf;2017;;
Ciências Biológicas (Lic) - noturno - Bauru;40;2;0;1;1;2;3;;2;2017-47-58.pdf;2017;;
Educação Física (Bac/Lic) - integral - Bauru;40;4;2;0;3;3;6;;2;2017-47-58.pdf;2017;;
Educação Física (Bac/Lic) - noturno - Bauru;40;6;2;0;5;3;8;;2;2017-47-58.pdf;2017;;
Ciências Biológicas (Bac/Lic) - integral - Bauru;40;6;1;1;3;5;8;;3;2017-47-58.pdf;2017;;
Ciências Biológicas (Lic) - noturno - Bauru;40;10;0;2;6;6;12;;3;2017-47-58.pdf;2017;;
Educação Física (Bac/Lic) - integral - Bauru;40;7;2;1;7;3;10;;3;2017-47-58.pdf;2017;;
Educação Física (Bac/Lic) - noturno - Bauru;40;15;1;2;12;6;18;;3;2017-47-58.pdf;2017;;
Ciência da Computação (Bac) - integral - Bauru;30;10;5;15;0;28;2;30;4;2017-47-58.pdf;2017;;
Engenharia Civil - integral - Bauru;60;16;6;38;0;40;20;60;4;2017-47-58.pdf;2017;;
Engenharia Elétrica - integral - Bauru;60;21;11;28;0;47;13;60;4;2017-47-58.pdf;2017;;
Engenharia Mecânica - integral - Bauru;60;9;8;43;0;54;6;60;4;2017-47-58.pdf;2017;;
em Física - noturno - Bauru;;;;;;;;;4;2017-47-58.pdf;2017;;
Matemática (Lic) - noturno - Bauru;40;34;3;13;-10;35;15;50;4;2017-47-58.pdf;2017;;
Meteorologia (Bac) - integral - Bauru;40;29;0;19;-8;26;22;48;4;2017-47-58.pdf;2017;;
Química - Bac em Química Ambiental Tecnológica e Lic em Química - noturno - Bauru;40;32;4;4;0;17;23;40;4;2017-47-58.pdf;2017;;
Sistemas de Informação (Bac) - noturno - Bauru;40;28;5;7;0;32;8;40;4;2017-47-58.pdf;2017;;
Ciência da Computação (Bac) - integral - Bauru;30;2;1;2;5;0;5;;5;2017-47-58.pdf;2017;;
Engenharia Civil - integral - Bauru;60;0;0;4;3;1;4;;5;2017-47-58.pdf;2017;;
Engenharia Elétrica - integral - Bauru;60;2;1;3;4;2;6;;5;2017-47-58.pdf;2017;;
Engenharia Mecânica - integral - Bauru;60;2;0;4;5;1;6;;5;2017-47-58.pdf;2017;;
noturno - Bauru;;;;;;;;;5;2017-47-58.pdf;2017;;
Matemática (Lic) - noturno - Bauru;40;6;1;2;6;3;9;;5;2017-47-58.pdf;2017;;
Meteorologia (Bac) - integral - Bauru;40;8;0;0;5;3;8;;5;2017-47-58.pdf;2017;;
Química - Bac em Química Ambiental Tecnológica e Lic em Química - noturno - Bauru;40;4;2;1;4;3;7;;5;2017-47-58.pdf;2017;;
Sistemas de Informação (Bac) - noturno - Bauru;40;1;1;1;3;0;3;;5;2017-47-58.pdf;2017;;
Ciência da Computação (Bac) - integral - Bauru;30;6;0;3;8;1;9;;6;2017-47-58.pdf;2017;;
Engenharia Civil - integral - Bauru;60;4;1;9;9;5;14;;6;2017-47-58.pdf;2017;;
Engenharia Elétrica - integral - Bauru;60;4;1;6;10;1;11;;6;2017-47-58.pdf;2017;;
Engenharia Mecânica - integral - Bauru;60;3;1;9;12;1;13;;6;2017-47-58.pdf;2017;;
Física - noturno - Bauru;;;;;;;;;6;2017-47-58.pdf;2017;;
Matemática (Lic) - noturno - Bauru;40;5;0;3;5;3;8;;6;2017-47-58.pdf;2017;;
Meteorologia (Bac) - integral - Bauru;40;6;0;3;6;3;9;;6;2017-47-58.pdf;2017;;
Química - Bac em Química Ambiental Tecnológica e Lic em Química - noturno - Bauru;40;7;0;1;2;6;8;;6;2017-47-58.pdf;2017;;
Sistemas de Informação (Bac) - noturno - Bauru;40;9;2;2;7;6;13;;6;2017-47-58.pdf;2017;;
Arquitetura e Urbanismo - integral - Bauru;45;30;2;13;0;16;;29;7;2017-47-58.pdf;2017;45;
Artes Visuais (Bac/Lic) - vespertino/noturno - Bauru;40;37;2;1;0;9;;31;7;2017-47-58.pdf;2017;40;
Comunicação Social - Jornalismo - diurno - Bauru;40;22;8;10;0;10;;30;7;2017-47-58.pdf;2017;40;
Comunicação Social - Jornalismo - noturno - Bauru;50;33;6;11;0;20;;30;7;2017-47-58.pdf;2017;50;
Comunicação Social - Radialismo - diurno - Bauru;30;21;2;8;-1;13;;18;7;2017-47-58.pdf;2017;31;
Design (Design Gráfico ou Design de Produto) - noturno - Bauru;60;54;5;1;0;32;;28;7;2017-47-58.pdf;2017;60;
Design (Design Gráfico) - diurno - Bauru;30;24;1;5;0;12;;18;7;2017-47-58.pdf;2017;30;
Pedagogia (Lic) - noturno - Bauru;40;36;3;1;0;4;36;40;8;2017-47-58.pdf;2017;;
Psicologia - integral - Bauru;35;18;6;11;0;17;18;35;8;2017-47-58.pdf;2017;;
Psicologia - noturno - Bauru;35;27;3;5;0;15;20;35;8;2017-47-58.pdf;2017;;
Relações Públicas - noturno - Bauru;50;29;9;12;0;16;34;50;8;2017-47-58.pdf;2017;;
Arquitetura e Urbanismo - integral - Bauru;45;1;0;1;1;;1;2;9;2017-47-58.pdf;2017;;
Artes Visuais (Bac/Lic) - vespertino/noturno - Bauru;40;4;0;0;0;;4;4;9;2017-47-58.pdf;2017;;
Comunicação Social - Jornalismo - diurno - Bauru;40;2;1;0;1;;2;3;9;2017-47-58.pdf;2017;;
Comunicação Social - Jornalismo - noturno - Bauru;50;1;1;4;3;;3;6;9;2017-47-58.pdf;2017;;
Comunicação Social - Radialismo - diurno - Bauru;30;0;0;0;0;;0;0;9;2017-47-58.pdf;2017;;
Design (Design Gráfico ou Design de Produto) - noturno - Bauru;60;3;0;0;3;;0;3;9;2017-47-58.pdf;2017;;
Design (Design Gráfico) - diurno - Bauru;30;2;0;1;1;;2;3;9;2017-47-58.pdf;2017;;
Pedagogia (Lic) - noturno - Bauru;40;6;1;0;0;7;7;;10;2017-47-58.pdf;2017;;
Psicologia - integral - Bauru;35;3;0;1;2;2;4;;10;2017-47-58.pdf;2017;;
Psicologia - noturno - Bauru;35;0;0;1;1;0;1;;10;2017-47-58.pdf;2017;;
Relações Públicas - noturno - Bauru;50;2;2;0;3;1;4;;10;2017-47-58.pdf;2017;;
Arquitetura e Urbanismo - integral - Bauru;45;1;0;3;2;2;4;;11;2017-47-58.pdf;2017;;
Artes Visuais (Bac/Lic) - vespertino/noturno - Bauru;40;10;1;1;4;8;12;;11;2017-47-58.pdf;2017;;
Comunicação Social - Jornalismo - diurno - Bauru;40;2;1;3;1;5;6;;11;2017-47-58.pdf;2017;;
Comunicação Social - Jornalismo - noturno - Bauru;50;8;3;0;2;9;11;;11;2017-47-58.pdf;2017;;
Comunicação Social - Radialismo - diurno - Bauru;30;4;1;2;2;5;7;;11;2017-47-58.pdf;2017;;
Design (Design Gráfico ou Design de Produto) - noturno - Bauru;60;10;1;0;6;5;11;;11;2017-47-58.pdf;2017;;
Design (Design Gráfico) - diurno - Bauru;30;5;0;0;5;0;5;;11;2017-47-58.pdf;2017;;
Pedagogia (Lic) - noturno - Bauru;40;12;0;0;2;10;12;;12;2017-47-58.pdf;2017;;
Psicologia - integral - Bauru;35;7;0;1;2;6;8;;12;2017-47-58.pdf;2017;;
Psicologia - noturno - Bauru;35;2;1;1;0;4;4;;12;2017-47-58.pdf;2017;;
Relações Públicas - noturno - Bauru;50;6;2;4;5;7;12;;12;2017-47-58.pdf;2017;;
Ciências Biológicas - Bacharelado e Licenciatura - integral - Bauru;40;27;9;2;0;17;23;40;1;2018-47-58.pdf;2018;;
Ciências Biológicas - Licenciatura - noturno - Bauru;40;32;5;2;0;19;21;40;1;2018-47-58.pdf;2018;;
Educação Física - Bacharelado e Licenciatura - integral - Bauru;40;30;5;1;2;27;11;38;1;2018-47-58.pdf;2018;;
Educação Física - Bacharelado e Licenciatura - noturno - Bauru;40;26;9;2;1;31;8;39;1;2018-47-58.pdf;2018;;
Ciências Biológicas - Bacharelado e Licenciatura - integral - Bauru;40;5;0;1;2;4;6;;2;2018-47-58.pdf;2018;;
Ciências Biológicas - Licenciatura - noturno - Bauru;40;4;2;0;2;4;6;;2;2018-47-58.pdf;2018;;
Educação Física - Bacharelado e Licenciatura - integral - Bauru;40;3;1;0;2;2;4;;2;2018-47-58.pdf;2018;;
Educação Física - Bacharelado e Licenciatura - noturno - Bauru;40;3;2;0;5;0;5;;2;2018-47-58.pdf;2018;;
Ciências Biológicas - Bacharelado e Licenciatura - integral - Bauru;40;6;3;1;4;6;10;;3;2018-47-58.pdf;2018;;
Ciências Biológicas - Licenciatura - noturno - Bauru;40;10;1;1;5;7;12;;3;2018-47-58.pdf;2018;;
Educação Física - Bacharelado e Licenciatura - integral - Bauru;40;7;2;1;4;6;10;;3;2018-47-58.pdf;2018;;
Educação Física - Bacharelado e Licenciatura - noturno - Bauru;40;6;2;0;5;3;8;;3;2018-47-58.pdf;2018;;
Ciência da Computação - Bacharelado - integral - Bauru;30;15;2;7;4;19;7;26;4;2018-47-58.pdf;2018;;
Engenharia Civil - integral - Bauru;60;17;16;21;0;43;17;60;4;2018-47-58.pdf;2018;;
Engenharia Elétrica - integral - Bauru;60;20;6;34;0;55;5;60;4;2018-47-58.pdf;2018;;
Engenharia Mecânica - integral - Bauru;60;9;14;34;0;55;5;60;4;2018-47-58.pdf;2018;;
em Física - noturno - Bauru;;;;;;;;;4;2018-47-58.pdf;2018;;
Matemática - Licenciatura - noturno - Bauru;40;29;6;11;-8;26;22;48;4;2018-47-58.pdf;2018;;
Meteorologia - Bacharelado - integral - Bauru;40;30;2;5;3;22;15;37;4;2018-47-58.pdf;2018;;
#NOME?;;;;;;;;;4;2018-47-58.pdf;2018;;
Sistemas de Informação - Bacharelado - noturno - Bauru;40;27;3;8;2;33;5;38;4;2018-47-58.pdf;2018;;
Ciência da Computação - Bacharelado - integral - Bauru;30;6;0;1;2;5;7;;5;2018-47-58.pdf;2018;;
Engenharia Civil - integral - Bauru;60;4;2;2;4;4;8;;5;2018-47-58.pdf;2018;;
Engenharia Elétrica - integral - Bauru;60;2;0;3;4;1;5;;5;2018-47-58.pdf;2018;;
Engenharia Mecânica - integral - Bauru;60;4;4;7;16;0;16;;5;2018-47-58.pdf;2018;;
noturno - Bauru;;;;;;;;;5;2018-47-58.pdf;2018;;
Matemática - Licenciatura - noturno - Bauru;40;8;1;3;3;9;12;;5;2018-47-58.pdf;2018;;
Meteorologia - Bacharelado - integral - Bauru;40;4;0;0;2;2;4;;5;2018-47-58.pdf;2018;;
noturno - Bauru;;;;;;;;;5;2018-47-58.pdf;2018;;
Sistemas de Informação - Bacharelado - noturno - Bauru;40;5;1;2;7;1;8;;5;2018-47-58.pdf;2018;;
Ciência da Computação - Bacharelado - integral - Bauru;30;0;0;1;1;0;1;;6;2018-47-58.pdf;2018;;
Engenharia Civil - integral - Bauru;60;2;2;3;5;2;7;;6;2018-47-58.pdf;2018;;
Engenharia Elétrica - integral - Bauru;60;6;0;6;11;1;12;;6;2018-47-58.pdf;2018;;
Engenharia Mecânica - integral - Bauru;60;1;3;2;4;2;6;;6;2018-47-58.pdf;2018;;
Física - noturno - Bauru;;;;;;;;;6;2018-47-58.pdf;2018;;
Matemática - Licenciatura - noturno - Bauru;40;6;0;4;5;5;10;;6;2018-47-58.pdf;2018;;
Meteorologia - Bacharelado - integral - Bauru;40;6;2;1;6;3;9;;6;2018-47-58.pdf;2018;;
#NOME?;;;;;;;;;6;2018-47-58.pdf;2018;;
Sistemas de Informação - Bacharelado - noturno - Bauru;40;5;2;2;7;2;9;;6;2018-47-58.pdf;2018;;
Arquitetura e Urbanismo - integral - Bauru;45;24;8;13;-1;14;;32;7;2018-47-58.pdf;2018;46;
Artes Visuais - Bacharelado e Licenciatura - vespertino/noturno - Bauru;40;30;4;6;0;10;;30;7;2018-47-58.pdf;2018;40;
Comunicação Social - Jornalismo - diurno - Bauru;40;21;12;6;0;12;;28;7;2018-47-58.pdf;2018;40;
Comunicação Social - Jornalismo - noturno - Bauru;50;34;7;10;-1;29;;22;7;2018-47-58.pdf;2018;51;
Comunicação Social - Radialismo - diurno - Bauru;30;14;8;5;0;14;;16;7;2018-47-58.pdf;2018;30;
Design (Design Gráﬁ co ou Design de Produto) - noturno - Bauru;60;52;1;7;0;34;;26;7;2018-47-58.pdf;2018;60;
Design (Design Gráﬁ co) - diurno - Bauru;30;21;4;4;0;13;;17;7;2018-47-58.pdf;2018;30;
Pedagogia - Licenciatura - noturno - Bauru;40;30;7;1;0;5;35;40;8;2018-47-58.pdf;2018;;
Psicologia - integral - Bauru;35;22;5;8;0;18;17;35;8;2018-47-58.pdf;2018;;
Psicologia - noturno - Bauru;35;24;5;4;1;13;21;34;8;2018-47-58.pdf;2018;;
Relações Públicas - noturno - Bauru;50;27;5;15;0;18;32;50;8;2018-47-58.pdf;2018;;
Arquitetura e Urbanismo - integral - Bauru;45;0;0;2;1;;1;2;9;2018-47-58.pdf;2018;;
Artes Visuais - Bacharelado e Licenciatura - vespertino/noturno - Bauru;40;2;0;0;0;;2;2;9;2018-47-58.pdf;2018;;
Comunicação Social - Jornalismo - diurno - Bauru;40;7;2;0;2;;7;9;9;2018-47-58.pdf;2018;;
Comunicação Social - Jornalismo - noturno - Bauru;50;2;0;1;1;;2;3;9;2018-47-58.pdf;2018;;
Comunicação Social - Radialismo - diurno - Bauru;30;2;1;0;1;;2;3;9;2018-47-58.pdf;2018;;
Design (Design Gráﬁ co ou Design de Produto) - noturno - Bauru;60;4;0;1;3;;2;5;9;2018-47-58.pdf;2018;;
Design (Design Gráﬁ co) - diurno - Bauru;30;5;0;1;2;;4;6;9;2018-47-58.pdf;2018;;
Pedagogia - Licenciatura - noturno - Bauru;40;3;1;0;0;5;5;;10;2018-47-58.pdf;2018;;
Psicologia - integral - Bauru;35;5;0;0;3;2;5;;10;2018-47-58.pdf;2018;;
Psicologia - noturno - Bauru;35;0;0;0;0;0;0;;10;2018-47-58.pdf;2018;;
Relações Públicas - noturno - Bauru;50;2;0;2;1;3;4;;10;2018-47-58.pdf;2018;;
Arquitetura e Urbanismo - integral - Bauru;45;2;0;0;2;0;2;;11;2018-47-58.pdf;2018;;
Artes Visuais - Bacharelado e Licenciatura - vespertino/noturno - Bauru;40;4;2;3;5;4;9;;11;2018-47-58.pdf;2018;;
Comunicação Social - Jornalismo - diurno - Bauru;40;2;0;1;1;2;3;;11;2018-47-58.pdf;2018;;
Comunicação Social - Jornalismo - noturno - Bauru;50;8;2;8;9;9;18;;11;2018-47-58.pdf;2018;;
Comunicação Social - Radialismo - diurno - Bauru;30;4;3;2;5;4;9;;11;2018-47-58.pdf;2018;;
Design (Design Gráﬁ co ou Design de Produto) - noturno - Bauru;60;12;0;2;8;6;14;;11;2018-47-58.pdf;2018;;
Design (Design Gráﬁ co) - diurno - Bauru;30;3;0;0;2;2;4;;11;2018-47-58.pdf;2018;;
Pedagogia - Licenciatura - noturno - Bauru;40;8;3;1;4;9;13;;12;2018-47-58.pdf;2018;;
Psicologia - integral - Bauru;35;4;0;0;4;0;4;;12;2018-47-58.pdf;2018;;
Psicologia - noturno - Bauru;35;4;1;1;2;4;6;;12;2018-47-58.pdf;2018;;
Relações Públicas - noturno - Bauru;50;5;2;3;3;7;10;;12;2018-47-58.pdf;2018;;
Ciências Biológicas - Bacharelado e Licenciatura - integral - Bauru;40;33;0;7;0;16;24;40;1;2019-47-58.pdf;2019;;
Ciências Biológicas - Licenciatura - noturno - Bauru;40;40;0;0;0;13;27;40;1;2019-47-58.pdf;2019;;
Educação Física - Bacharelado - integral - Bauru;20;17;0;3;0;14;6;20;1;2019-47-58.pdf;2019;;
Educação Física - Bacharelado - noturno - Bauru;20;18;0;2;0;16;4;20;1;2019-47-58.pdf;2019;;
Educação Física - Licenciatura - integral - Bauru;20;15;0;5;0;14;6;20;1;2019-47-58.pdf;2019;;
Educação Física - Licenciatura - noturno - Bauru;20;20;0;0;0;12;8;20;1;2019-47-58.pdf;2019;;
Ciências Biológicas - Bacharelado e Licenciatura - integral - Bauru;40;8;0;1;5;4;9;;2;2019-47-58.pdf;2019;;
Ciências Biológicas - Licenciatura - noturno - Bauru;40;2;0;0;0;2;2;;2;2019-47-58.pdf;2019;;
Educação Física - Bacharelado - integral - Bauru;20;4;0;1;4;1;5;;2;2019-47-58.pdf;2019;;
Educação Física - Bacharelado - noturno - Bauru;20;3;0;0;2;1;3;;2;2019-47-58.pdf;2019;;
Educação Física - Licenciatura - integral - Bauru;20;3;0;1;3;1;4;;2;2019-47-58.pdf;2019;;
Educação Física - Licenciatura - noturno - Bauru;20;7;0;0;4;3;7;;2;2019-47-58.pdf;2019;;
Ciências Biológicas - Bacharelado e Licenciatura - integral - Bauru;40;5;0;1;2;4;6;;3;2019-47-58.pdf;2019;;
Ciências Biológicas - Licenciatura - noturno - Bauru;40;12;0;0;4;8;12;;3;2019-47-58.pdf;2019;;
Educação Física - Bacharelado - integral - Bauru;20;3;0;0;1;2;3;;3;2019-47-58.pdf;2019;;
Educação Física - Bacharelado - noturno - Bauru;20;3;0;0;2;1;3;;3;2019-47-58.pdf;2019;;
Educação Física - Licenciatura - integral - Bauru;20;2;0;4;3;3;6;;3;2019-47-58.pdf;2019;;
Educação Física - Licenciatura - noturno - Bauru;20;2;0;0;0;2;2;;3;2019-47-58.pdf;2019;;
Ciência da Computação - Bacharelado - integral - Bauru;30;27;0;3;0;26;4;30;4;2019-47-58.pdf;2019;;
Engenharia Civil - integral - Bauru;60;51;0;9;0;37;23;60;4;2019-47-58.pdf;2019;;
Engenharia Elétrica - integral - Bauru;60;49;0;11;0;49;11;60;4;2019-47-58.pdf;2019;;
Engenharia Mecânica - integral - Bauru;60;52;0;8;0;51;9;60;4;2019-47-58.pdf;2019;;
em Física - noturno - Bauru;;;;;;;;;4;2019-47-58.pdf;2019;;
Matemática - Licenciatura - noturno - Bauru;40;38;0;2;0;17;23;40;4;2019-47-58.pdf;2019;;
Meteorologia - Bacharelado - integral - Bauru;40;21;0;6;13;14;13;27;4;2019-47-58.pdf;2019;;
Química - Bacharelado em Química Ambiental Tecnológica - noturno - Bauru;20;17;0;3;0;17;3;20;4;2019-47-58.pdf;2019;;
Química - Licenciatura em Química - noturno - Bauru;20;22;0;0;-2;10;12;22;4;2019-47-58.pdf;2019;;
Sistemas de Informação - Bacharelado - noturno - Bauru;40;38;0;2;0;38;2;40;4;2019-47-58.pdf;2019;;
Ciência da Computação - Bacharelado - integral - Bauru;30;7;0;1;7;1;8;;5;2019-47-58.pdf;2019;;
Engenharia Civil - integral - Bauru;60;13;0;1;9;5;14;;5;2019-47-58.pdf;2019;;
Engenharia Elétrica - integral - Bauru;60;4;0;4;7;1;8;;5;2019-47-58.pdf;2019;;
Engenharia Mecânica - integral - Bauru;60;8;0;2;8;2;10;;5;2019-47-58.pdf;2019;;
noturno - Bauru;;;;;;;;;5;2019-47-58.pdf;2019;;
Matemática - Licenciatura - noturno - Bauru;40;9;0;2;3;8;11;;5;2019-47-58.pdf;2019;;
Meteorologia - Bacharelado - integral - Bauru;40;4;0;0;2;2;4;;5;2019-47-58.pdf;2019;;
Química - Bacharelado em Química Ambiental Tecnológica - noturno - Bauru;20;4;0;0;3;1;4;;5;2019-47-58.pdf;2019;;
Química - Licenciatura em Química - noturno - Bauru;20;3;0;0;2;1;3;;5;2019-47-58.pdf;2019;;
Sistemas de Informação - Bacharelado - noturno - Bauru;40;6;0;1;6;1;7;;5;2019-47-58.pdf;2019;;
Ciência da Computação - Bacharelado - integral - Bauru;30;4;0;0;4;0;4;;6;2019-47-58.pdf;2019;;
Engenharia Civil - integral - Bauru;60;4;0;1;3;2;5;;6;2019-47-58.pdf;2019;;
Engenharia Elétrica - integral - Bauru;60;8;0;0;7;1;8;;6;2019-47-58.pdf;2019;;
Engenharia Mecânica - integral - Bauru;60;3;0;0;2;1;3;;6;2019-47-58.pdf;2019;;
Física - noturno - Bauru;;;;;;;;;6;2019-47-58.pdf;2019;;
Matemática - Licenciatura - noturno - Bauru;40;11;0;0;4;7;11;;6;2019-47-58.pdf;2019;;
Meteorologia - Bacharelado - integral - Bauru;40;3;0;0;1;2;3;;6;2019-47-58.pdf;2019;;
Química - Bacharelado em Química Ambiental Tecnológica - noturno - Bauru;20;2;0;2;3;1;4;;6;2019-47-58.pdf;2019;;
Química - Licenciatura em Química - noturno - Bauru;20;7;0;0;2;5;7;;6;2019-47-58.pdf;2019;;
Sistemas de Informação - Bacharelado - noturno - Bauru;40;7;0;0;7;0;7;;6;2019-47-58.pdf;2019;;
Arquitetura e Urbanismo - integral - Bauru;45;40;0;4;1;15;;29;7;2019-47-58.pdf;2019;44;
Artes Visuais - Bacharelado e Licenciatura - vespertino/noturno - Bauru;40;39;0;4;-3;14;;29;7;2019-47-58.pdf;2019;43;
Comunicação Social - Jornalismo - diurno - Bauru;40;40;0;0;0;14;;26;7;2019-47-58.pdf;2019;40;
Comunicação Social - Jornalismo - noturno - Bauru;50;50;0;0;0;19;;31;7;2019-47-58.pdf;2019;50;
Comunicação Social - Radialismo - diurno - Bauru;30;29;0;1;0;16;;14;7;2019-47-58.pdf;2019;30;
Design (Design Gráﬁ co ou Design de Produto) - noturno - Bauru;60;59;0;1;0;28;;32;7;2019-47-58.pdf;2019;60;
Design (Design Gráﬁ co) - diurno - Bauru;30;30;0;0;0;12;;18;7;2019-47-58.pdf;2019;30;
Pedagogia - Licenciatura - noturno - Bauru;40;39;0;1;0;5;35;40;8;2019-47-58.pdf;2019;;
Psicologia - integral - Bauru;35;31;0;3;1;9;25;34;8;2019-47-58.pdf;2019;;
Psicologia - noturno - Bauru;35;32;0;3;0;17;18;35;8;2019-47-58.pdf;2019;;
Relações Públicas - noturno - Bauru;50;47;0;3;0;15;35;50;8;2019-47-58.pdf;2019;;
Arquitetura e Urbanismo - integral - Bauru;45;9;0;0;3;;6;9;9;2019-47-58.pdf;2019;;
Artes Visuais - Bacharelado e Licenciatura - vespertino/noturno - Bauru;40;2;0;0;1;;1;2;9;2019-47-58.pdf;2019;;
Comunicação Social - Jornalismo - diurno - Bauru;40;3;0;0;1;;2;3;9;2019-47-58.pdf;2019;;
Comunicação Social - Jornalismo - noturno - Bauru;50;6;0;0;0;;6;6;9;2019-47-58.pdf;2019;;
Comunicação Social - Radialismo - diurno - Bauru;30;1;0;0;0;;1;1;9;2019-47-58.pdf;2019;;
Design (Design Gráﬁ co ou Design de Produto) - noturno - Bauru;60;5;0;0;1;;4;5;9;2019-47-58.pdf;2019;;
Design (Design Gráﬁ co) - diurno - Bauru;30;8;0;0;3;;5;8;9;2019-47-58.pdf;2019;;
Pedagogia - Licenciatura - noturno - Bauru;40;8;0;0;1;7;8;;10;2019-47-58.pdf;2019;;
Psicologia - integral - Bauru;35;3;0;0;1;2;3;;10;2019-47-58.pdf;2019;;
Psicologia - noturno - Bauru;35;1;0;0;1;0;1;;10;2019-47-58.pdf;2019;;
Relações Públicas - noturno - Bauru;50;7;0;0;3;4;7;;10;2019-47-58.pdf;2019;;
Arquitetura e Urbanismo - integral - Bauru;45;3;0;0;0;3;3;;11;2019-47-58.pdf;2019;;
Artes Visuais - Bacharelado e Licenciatura - vespertino/noturno - Bauru;40;10;0;1;7;4;11;;11;2019-47-58.pdf;2019;;
Comunicação Social - Jornalismo - diurno - Bauru;40;5;0;0;2;3;5;;11;2019-47-58.pdf;2019;;
Comunicação Social - Jornalismo - noturno - Bauru;50;7;0;0;4;3;7;;11;2019-47-58.pdf;2019;;
Comunicação Social - Radialismo - diurno - Bauru;30;5;0;0;2;3;5;;11;2019-47-58.pdf;2019;;
Design (Design Gráﬁ co ou Design de Produto) - noturno - Bauru;60;8;0;0;5;3;8;;11;2019-47-58.pdf;2019;;
Design (Design Gráﬁ co) - diurno - Bauru;30;3;0;0;2;1;3;;11;2019-47-58.pdf;2019;;
Pedagogia - Licenciatura - noturno - Bauru;40;12;0;1;2;11;13;;12;2019-47-58.pdf;2019;;
Psicologia - integral - Bauru;35;5;0;0;0;5;5;;12;2019-47-58.pdf;2019;;
Psicologia - noturno - Bauru;35;7;0;0;4;3;7;;12;2019-47-58.pdf;2019;;
Relações Públicas - noturno - Bauru;50;6;0;0;0;6;6;;12;2019-47-58.pdf;2019;;
Ciências Biológicas - Bacharelado e Licenciatura - integral - Bauru;40;20;20;0;0;14;26;40;1;2020-47-58.pdf;2020;;
Ciências Biológicas - Licenciatura - noturno - Bauru;40;25;15;0;0;20;20;40;1;2020-47-58.pdf;2020;;
Educação Física - Bacharelado - integral - Bauru;20;8;10;2;0;12;8;20;1;2020-47-58.pdf;2020;;
Educação Física - Bacharelado - noturno - Bauru;20;9;10;1;0;17;3;20;1;2020-47-58.pdf;2020;;
Educação Física - Licenciatura - integral - Bauru;20;10;10;0;0;12;8;20;1;2020-47-58.pdf;2020;;
Educação Física - Licenciatura - noturno - Bauru;20;15;5;0;0;13;7;20;1;2020-47-58.pdf;2020;;
Ciências Biológicas - Bacharelado e Licenciatura - integral - Bauru;40;7;1;0;2;6;8;;2;2020-47-58.pdf;2020;;
Ciências Biológicas - Licenciatura - noturno - Bauru;40;2;2;0;1;3;4;;2;2020-47-58.pdf;2020;;
Educação Física - Bacharelado - integral - Bauru;20;2;2;1;2;3;5;;2;2020-47-58.pdf;2020;;
Educação Física - Bacharelado - noturno - Bauru;20;0;2;0;2;0;2;;2;2020-47-58.pdf;2020;;
Educação Física - Licenciatura - integral - Bauru;20;2;1;0;2;1;3;;2;2020-47-58.pdf;2020;;
Educação Física - Licenciatura - noturno - Bauru;20;6;2;0;5;3;8;;2;2020-47-58.pdf;2020;;
Ciências Biológicas - Bacharelado e Licenciatura - integral - Bauru;40;3;0;0;2;1;3;;3;2020-47-58.pdf;2020;;
Ciências Biológicas - Licenciatura - noturno - Bauru;40;6;3;0;6;3;9;;3;2020-47-58.pdf;2020;;
Educação Física - Bacharelado - integral - Bauru;20;1;0;0;0;1;1;;3;2020-47-58.pdf;2020;;
Educação Física - Bacharelado - noturno - Bauru;20;4;2;0;5;1;6;;3;2020-47-58.pdf;2020;;
Educação Física - Licenciatura - integral - Bauru;20;0;1;0;1;0;1;;3;2020-47-58.pdf;2020;;
Educação Física - Licenciatura - noturno - Bauru;20;1;0;0;1;0;1;;3;2020-47-58.pdf;2020;;
Ciência da Computação - Bacharelado - integral - Bauru;30;4;16;8;2;25;3;28;4;2020-47-58.pdf;2020;;
Engenharia Civil - integral - Bauru;60;9;38;13;0;40;20;60;4;2020-47-58.pdf;2020;;
Engenharia de Produção - noturno - Bauru;40;8;17;15;0;32;8;40;4;2020-47-58.pdf;2020;;
Engenharia Elétrica - integral - Bauru;60;4;29;27;0;55;5;60;4;2020-47-58.pdf;2020;;
Engenharia Mecânica - integral - Bauru;60;17;28;15;0;53;7;60;4;2020-47-58.pdf;2020;;
Física - noturno - Bauru;;;;;;;;;4;2020-47-58.pdf;2020;;
Matemática - Licenciatura - noturno - Bauru;40;16;22;1;1;23;16;39;4;2020-47-58.pdf;2020;;
Meteorologia - Bacharelado - integral - Bauru;40;13;24;2;1;24;15;39;4;2020-47-58.pdf;2020;;
Química - noturno - Bauru;;;;;;;;;4;2020-47-58.pdf;2020;;
Sistemas de Informação - Bacharelado - noturno - Bauru;40;20;16;4;0;35;5;40;4;2020-47-58.pdf;2020;;
Ciência da Computação - Bacharelado - integral - Bauru;30;1;4;4;8;1;9;;5;2020-47-58.pdf;2020;;
Engenharia Civil - integral - Bauru;60;3;6;2;8;3;11;;5;2020-47-58.pdf;2020;;
Engenharia de Produção - noturno - Bauru;40;3;3;1;4;3;7;;5;2020-47-58.pdf;2020;;
Engenharia Elétrica - integral - Bauru;60;1;8;4;10;3;13;;5;2020-47-58.pdf;2020;;
Engenharia Mecânica - integral - Bauru;60;5;8;0;11;2;13;;5;2020-47-58.pdf;2020;;
noturno - Bauru;;;;;;;;;5;2020-47-58.pdf;2020;;
Matemática - Licenciatura - noturno - Bauru;40;3;4;1;4;4;8;;5;2020-47-58.pdf;2020;;
Meteorologia - Bacharelado - integral - Bauru;40;2;1;0;1;2;3;;5;2020-47-58.pdf;2020;;
#NOME?;;;;;;;;;5;2020-47-58.pdf;2020;;
Sistemas de Informação - Bacharelado - noturno - Bauru;40;7;2;0;5;4;9;;5;2020-47-58.pdf;2020;;
Ciência da Computação - Bacharelado - integral - Bauru;30;0;1;0;1;0;1;;6;2020-47-58.pdf;2020;;
Engenharia Civil - integral - Bauru;60;1;4;0;3;2;5;;6;2020-47-58.pdf;2020;;
Engenharia de Produção - noturno - Bauru;40;1;0;1;1;1;2;;6;2020-47-58.pdf;2020;;
Engenharia Elétrica - integral - Bauru;60;0;1;0;1;0;1;;6;2020-47-58.pdf;2020;;
Engenharia Mecânica - integral - Bauru;60;2;4;1;5;2;7;;6;2020-47-58.pdf;2020;;
noturno - Bauru;;;;;;;;;6;2020-47-58.pdf;2020;;
Matemática - Licenciatura - noturno - Bauru;40;5;3;0;4;4;8;;6;2020-47-58.pdf;2020;;
Meteorologia - Bacharelado - integral - Bauru;40;0;4;0;2;2;4;;6;2020-47-58.pdf;2020;;
#NOME?;;;;;;;;;6;2020-47-58.pdf;2020;;
Sistemas de Informação - Bacharelado - noturno - Bauru;40;3;1;1;5;0;5;;6;2020-47-58.pdf;2020;;
Arquitetura e Urbanismo - integral - Bauru;45;19;23;3;0;6;;39;7;2020-47-58.pdf;2020;45;
Artes Visuais - Bacharelado e Licenciatura - vespertino/noturno - Bauru;40;29;7;4;0;10;;30;7;2020-47-58.pdf;2020;40;
Comunicação: Rádio; Televisão e Internet - integral - Bauru;30;17;11;2;0;17;;13;7;2020-47-58.pdf;2020;30
Design (Design Gráﬁ co ou Design de Produto) - noturno - Bauru;60;48;9;3;0;23;;37;7;2020-47-58.pdf;2020;60;
Design (Design Gráﬁ co) - integral - Bauru;30;21;9;0;0;10;;20;7;2020-47-58.pdf;2020;30;
Jornalismo - integral - Bauru;40;12;18;9;1;17;;22;7;2020-47-58.pdf;2020;39;
Jornalismo - noturno - Bauru;50;30;15;5;0;24;;26;7;2020-47-58.pdf;2020;50;
Pedagogia - Licenciatura - noturno - Bauru;40;26;14;0;0;9;31;40;8;2020-47-58.pdf;2020;;
Psicologia - integral - Bauru;35;9;24;2;0;16;19;35;8;2020-47-58.pdf;2020;;
Psicologia - noturno - Bauru;35;23;11;1;0;16;19;35;8;2020-47-58.pdf;2020;;
Relações Públicas - noturno - Bauru;50;18;29;3;0;14;36;50;8;2020-47-58.pdf;2020;;
Arquitetura e Urbanismo - integral - Bauru;45;2;3;2;2;;5;7;9;2020-47-58.pdf;2020;;
Artes Visuais - Bacharelado e Licenciatura - vespertino/noturno - Bauru;40;3;2;0;1;;4;5;9;2020-47-58.pdf;2020;;
Comunicação: Rádio; Televisão e Internet - integral - Bauru;30;1;2;0;0;;3;3;9;2020-47-58.pdf;2020;
Design (Design Gráﬁ co ou Design de Produto) - noturno - Bauru;60;6;1;0;1;;6;7;9;2020-47-58.pdf;2020;;
Design (Design Gráﬁ co) - integral - Bauru;30;4;1;0;2;;3;5;9;2020-47-58.pdf;2020;;
Jornalismo - integral - Bauru;40;4;3;1;6;;2;8;9;2020-47-58.pdf;2020;;
Jornalismo - noturno - Bauru;50;3;3;1;4;;3;7;9;2020-47-58.pdf;2020;;
Pedagogia - Licenciatura - noturno - Bauru;40;3;2;0;0;5;5;;10;2020-47-58.pdf;2020;;
Psicologia - integral - Bauru;35;0;3;0;2;1;3;;10;2020-47-58.pdf;2020;;
Psicologia - noturno - Bauru;35;2;0;0;1;1;2;;10;2020-47-58.pdf;2020;;
Relações Públicas - noturno - Bauru;50;7;5;0;4;8;12;;10;2020-47-58.pdf;2020;;
Arquitetura e Urbanismo - integral - Bauru;45;1;3;0;0;4;4;;11;2020-47-58.pdf;2020;;
Artes Visuais - Bacharelado e Licenciatura - vespertino/noturno - Bauru;40;6;0;1;2;5;7;;11;2020-47-58.pdf;2020;;
Comunicação: Rádio; Televisão e Internet - integral - Bauru;30;1;2;0;1;2;3;;11;2020-47-58.pdf;2020;
Design (Design Gráﬁ co ou Design de Produto) - noturno - Bauru;60;8;1;0;3;6;9;;11;2020-47-58.pdf;2020;;
Design (Design Gráﬁ co) - integral - Bauru;30;2;0;0;2;0;2;;11;2020-47-58.pdf;2020;;
Jornalismo - integral - Bauru;40;2;1;0;1;2;3;;11;2020-47-58.pdf;2020;;
Jornalismo - noturno - Bauru;50;2;3;1;1;5;6;;11;2020-47-58.pdf;2020;;
Pedagogia - Licenciatura - noturno - Bauru;40;3;1;0;0;4;4;;12;2020-47-58.pdf;2020;;
Psicologia - integral - Bauru;35;1;0;0;1;0;1;;12;2020-47-58.pdf;2020;;
Psicologia - noturno - Bauru;35;5;3;0;3;5;8;;12;2020-47-58.pdf;2020;;
Relações Públicas - noturno - Bauru;50;1;3;0;1;3;4;;12;2020-47-58.pdf;2020;;
Ciências Biológicas - Bacharelado e Licenciatura - integral - Bauru;40;33;7;5;-5;18;27;45;1;2021-49-60.pdf;2021;;
Ciências Biológicas - Licenciatura - noturno - Bauru;40;36;4;4;-4;16;28;44;1;2021-49-60.pdf;2021;;
Educação Física - Bacharelado - integral - Bauru;20;15;5;0;0;14;6;20;1;2021-49-60.pdf;2021;;
Educação Física - Bacharelado - noturno - Bauru;20;19;1;0;0;13;7;20;1;2021-49-60.pdf;2021;;
Educação Física - Licenciatura - integral - Bauru;20;19;0;1;0;17;3;20;1;2021-49-60.pdf;2021;;
Educação Física - Licenciatura - noturno - Bauru;20;17;3;0;0;12;8;20;1;2021-49-60.pdf;2021;;
Ciências Biológicas - Bacharelado e Licenciatura - integral - Bauru;40;4;0;;1;2;3;5;2;2021-49-60.pdf;2021;;
Ciências Biológicas - Licenciatura - noturno - Bauru;40;2;0;;1;0;3;3;2;2021-49-60.pdf;2021;;
Educação Física - Bacharelado - integral - Bauru;20;2;0;;0;1;1;2;2;2021-49-60.pdf;2021;;
Educação Física - Bacharelado - noturno - Bauru;20;3;0;;0;1;2;3;2;2021-49-60.pdf;2021;;
Educação Física - Licenciatura - integral - Bauru;20;4;0;;1;4;1;5;2;2021-49-60.pdf;2021;;
Educação Física - Licenciatura - noturno - Bauru;20;3;0;;0;1;2;3;2;2021-49-60.pdf;2021;;
Ciências Biológicas - Bacharelado e Licenciatura - integral - Bauru;40;8;1;0;2;7;9;;3;2021-49-60.pdf;2021;;
Ciências Biológicas - Licenciatura - noturno - Bauru;40;10;0;1;3;8;11;;3;2021-49-60.pdf;2021;;
Educação Física - Bacharelado - integral - Bauru;20;3;0;0;2;1;3;;3;2021-49-60.pdf;2021;;
Educação Física - Bacharelado - noturno - Bauru;20;2;0;0;1;1;2;;3;2021-49-60.pdf;2021;;
Educação Física - Licenciatura - integral - Bauru;20;3;0;0;2;1;3;;3;2021-49-60.pdf;2021;;
Educação Física - Licenciatura - noturno - Bauru;20;1;0;0;0;1;1;;3;2021-49-60.pdf;2021;;
Ciência da Computação - Bacharelado - integral - Bauru;30;22;7;1;0;29;1;30;4;2021-49-60.pdf;2021;;
Engenharia Civil - integral - Bauru;60;38;21;1;0;35;25;60;4;2021-49-60.pdf;2021;;
Engenharia de Produção - noturno - Bauru;40;30;9;1;0;29;11;40;4;2021-49-60.pdf;2021;;
Engenharia Elétrica - integral - Bauru;60;44;15;1;0;53;7;60;4;2021-49-60.pdf;2021;;
Engenharia Mecânica - integral - Bauru;60;49;11;0;0;56;4;60;4;2021-49-60.pdf;2021;;
Física - noturno - Bauru;;;;;;;;;4;2021-49-60.pdf;2021;;
Matemática - Licenciatura - noturno - Bauru;40;22;0;0;18;11;11;22;4;2021-49-60.pdf;2021;;
Meteorologia - Bacharelado - integral - Bauru;40;7;0;0;33;5;2;7;4;2021-49-60.pdf;2021;;
Química - Bacharelado em Química Tecnológica - noturno - Bauru;20;19;1;0;0;9;11;20;4;2021-49-60.pdf;2021;;
Química - Licenciatura - noturno - Bauru;20;18;1;1;0;12;8;20;4;2021-49-60.pdf;2021;;
Sistemas de Informação - Bacharelado - noturno - Bauru;40;34;6;0;0;33;7;40;4;2021-49-60.pdf;2021;;
Ciência da Computação - Bacharelado - integral - Bauru;30;6;1;0;7;0;7;;5;2021-49-60.pdf;2021;;
Engenharia Civil - integral - Bauru;60;3;5;0;2;6;8;;5;2021-49-60.pdf;2021;;
Engenharia de Produção - noturno - Bauru;40;1;1;0;2;0;2;;5;2021-49-60.pdf;2021;;
Engenharia Elétrica - integral - Bauru;60;11;1;0;10;2;12;;5;2021-49-60.pdf;2021;;
Engenharia Mecânica - integral - Bauru;60;6;1;0;7;0;7;;5;2021-49-60.pdf;2021;;
#NOME?;;;;;;;;;5;2021-49-60.pdf;2021;;
Matemática - Licenciatura - noturno - Bauru;40;3;0;0;2;1;3;;5;2021-49-60.pdf;2021;;
Meteorologia - Bacharelado - integral - Bauru;40;3;0;0;3;0;3;;5;2021-49-60.pdf;2021;;
Química - Bacharelado em Química Tecnológica - noturno - Bauru;20;2;1;0;1;2;3;;5;2021-49-60.pdf;2021;;
Química - Licenciatura - noturno - Bauru;20;1;0;0;1;0;1;;5;2021-49-60.pdf;2021;;
Sistemas de Informação - Bacharelado - noturno - Bauru;40;3;2;0;3;2;5;;5;2021-49-60.pdf;2021;;
Ciência da Computação - Bacharelado - integral - Bauru;30;3;1;0;3;1;4;;6;2021-49-60.pdf;2021;;
Engenharia Civil - integral - Bauru;60;6;2;0;4;4;8;;6;2021-49-60.pdf;2021;;
Engenharia de Produção - noturno - Bauru;40;6;1;1;3;5;8;;6;2021-49-60.pdf;2021;;
Engenharia Elétrica - integral - Bauru;60;2;3;0;4;1;5;;6;2021-49-60.pdf;2021;;
Engenharia Mecânica - integral - Bauru;60;7;1;0;7;1;8;;6;2021-49-60.pdf;2021;;
noturno - Bauru;;;;;;;;;6;2021-49-60.pdf;2021;;
Matemática - Licenciatura - noturno - Bauru;40;2;0;0;1;1;2;;6;2021-49-60.pdf;2021;;
Meteorologia - Bacharelado - integral - Bauru;40;0;0;0;0;0;0;;6;2021-49-60.pdf;2021;;
Química - Bacharelado em Química Tecnológica - noturno - Bauru;20;4;0;0;2;2;4;;6;2021-49-60.pdf;2021;;
Química - Licenciatura - noturno - Bauru;20;5;0;0;1;4;5;;6;2021-49-60.pdf;2021;;
Sistemas de Informação - Bacharelado - noturno - Bauru;40;4;2;0;4;2;6;;6;2021-49-60.pdf;2021;;
Arquitetura e Urbanismo - integral - Bauru;45;39;4;1;1;12;;32;7;2021-49-60.pdf;2021;44;
Artes Visuais - Bacharelado e Licenciatura - vespertino/noturno - Bauru;40;39;0;1;0;14;;26;7;2021-49-60.pdf;2021;40;
Comunicação: Rádio; Televisão e Internet - integral - Bauru;30;22;8;0;0;20;;10;7;2021-49-60.pdf;2021;30
Design (Design Gráﬁ co ou Design de Produto) - noturno - Bauru;60;59;1;0;0;25;;35;7;2021-49-60.pdf;2021;60;
Design (Design Gráﬁ co) - integral - Bauru;30;27;3;0;0;7;;23;7;2021-49-60.pdf;2021;30;
Jornalismo - matutino - Bauru;40;34;6;0;0;17;;23;7;2021-49-60.pdf;2021;40;
Jornalismo - noturno - Bauru;50;44;6;0;0;23;;27;7;2021-49-60.pdf;2021;50;
Pedagogia - Licenciatura - noturno - Bauru;40;34;6;0;0;6;34;40;8;2021-49-60.pdf;2021;;
Psicologia - integral - Bauru;35;30;5;0;0;14;21;35;8;2021-49-60.pdf;2021;;
Psicologia - noturno - Bauru;35;32;3;0;0;11;24;35;8;2021-49-60.pdf;2021;;
Relações Públicas - noturno - Bauru;50;41;6;3;0;13;37;50;8;2021-49-60.pdf;2021;;
Arquitetura e Urbanismo - integral - Bauru;45;3;0;0;0;;3;3;9;2021-49-60.pdf;2021;;
Artes Visuais - Bacharelado e Licenciatura - vespertino/noturno - Bauru;40;2;0;0;0;;2;2;9;2021-49-60.pdf;2021;;
Comunicação: Rádio; Televisão e Internet - integral - Bauru;30;2;1;0;1;;2;3;9;2021-49-60.pdf;2021;
Design (Design Gráﬁ co ou Design de Produto) - noturno - Bauru;60;6;1;0;2;;5;7;9;2021-49-60.pdf;2021;;
Design (Design Gráﬁ co) - integral - Bauru;30;4;1;0;2;;3;5;9;2021-49-60.pdf;2021;;
Jornalismo - matutino - Bauru;40;6;1;0;5;;2;7;9;2021-49-60.pdf;2021;;
Jornalismo - noturno - Bauru;50;4;0;0;1;;3;4;9;2021-49-60.pdf;2021;;
Pedagogia - Licenciatura - noturno - Bauru;40;0;0;0;0;0;0;;10;2021-49-60.pdf;2021;;
Psicologia - integral - Bauru;35;0;0;0;0;0;0;;10;2021-49-60.pdf;2021;;
Psicologia - noturno - Bauru;35;2;0;0;0;2;2;;10;2021-49-60.pdf;2021;;
Relações Públicas - noturno - Bauru;50;2;0;0;1;1;2;;10;2021-49-60.pdf;2021;;
Arquitetura e Urbanismo - integral - Bauru;45;5;2;0;3;4;7;;11;2021-49-60.pdf;2021;;
Artes Visuais - Bacharelado e Licenciatura - vespertino/noturno - Bauru;40;4;0;0;2;2;4;;11;2021-49-60.pdf;2021;;
Comunicação: Rádio; Televisão e Internet - integral - Bauru;30;3;1;0;1;3;4;;11;2021-49-60.pdf;2021;
Design (Design Gráﬁ co ou Design de Produto) - noturno - Bauru;60;7;0;0;1;6;7;;11;2021-49-60.pdf;2021;;
Design (Design Gráﬁ co) - integral - Bauru;30;1;1;0;1;1;2;;11;2021-49-60.pdf;2021;;
Jornalismo - matutino - Bauru;40;4;1;0;1;4;5;;11;2021-49-60.pdf;2021;;
Jornalismo - noturno - Bauru;50;6;0;0;2;4;6;;11;2021-49-60.pdf;2021;;
Pedagogia - Licenciatura - noturno - Bauru;40;8;3;0;1;10;11;;12;2021-49-60.pdf;2021;;
Psicologia - integral - Bauru;35;2;0;0;0;2;2;;12;2021-49-60.pdf;2021;;
Psicologia - noturno - Bauru;35;3;1;0;1;3;4;;12;2021-49-60.pdf;2021;;
Relações Públicas - noturno - Bauru;50;11;3;0;6;8;14;;12;2021-49-60.pdf;2021;;
Ciências Biológicas - Bacharelado e Licenciatura - integral - Bauru;40;28;7;5;0;18;22;40;1;2022-48-59.pdf;2022;;
Ciências Biológicas - Licenciatura - noturno - Bauru;40;36;3;1;0;9;31;40;1;2022-48-59.pdf;2022;;
Educação Física - Bacharelado - integral - Bauru;20;16;3;1;0;11;9;20;1;2022-48-59.pdf;2022;;
Educação Física - Bacharelado - noturno - Bauru;20;16;1;2;1;14;5;19;1;2022-48-59.pdf;2022;;
Educação Física - Licenciatura - integral - Bauru;20;15;1;4;0;15;5;20;1;2022-48-59.pdf;2022;;
Educação Física - Licenciatura - noturno - Bauru;20;17;2;1;0;10;10;20;1;2022-48-59.pdf;2022;;
Ciências Biológicas - Bacharelado e Licenciatura - integral - Bauru;40;5;0;1;2;4;6;;2;2022-48-59.pdf;2022;;
Ciências Biológicas - Licenciatura - noturno - Bauru;40;3;0;0;0;3;3;;2;2022-48-59.pdf;2022;;
Educação Física - Bacharelado - integral - Bauru;20;2;1;0;3;0;3;;2;2022-48-59.pdf;2022;;
Educação Física - Bacharelado - noturno - Bauru;20;2;0;0;1;1;2;;2;2022-48-59.pdf;2022;;
Educação Física - Licenciatura - integral - Bauru;20;3;0;0;1;2;3;;2;2022-48-59.pdf;2022;;
Educação Física - Licenciatura - noturno - Bauru;20;3;0;0;2;1;3;;2;2022-48-59.pdf;2022;;
Ciências Biológicas - Bacharelado e Licenciatura - integral - Bauru;40;3;2;0;3;2;5;;3;2022-48-59.pdf;2022;;
Ciências Biológicas - Licenciatura - noturno - Bauru;40;5;0;1;1;5;6;;3;2022-48-59.pdf;2022;;
Educação Física - Bacharelado - integral - Bauru;20;5;0;0;1;4;5;;3;2022-48-59.pdf;2022;;
Educação Física - Bacharelado - noturno - Bauru;20;1;0;0;1;0;1;;3;2022-48-59.pdf;2022;;
Educação Física - Licenciatura - integral - Bauru;20;0;0;3;2;1;3;;3;2022-48-59.pdf;2022;;
Educação Física - Licenciatura - noturno - Bauru;20;3;0;0;0;3;3;;3;2022-48-59.pdf;2022;;
Ciência da Computação - Bacharelado - integral - Bauru;30;15;3;12;0;25;5;30;4;2022-48-59.pdf;2022;;
Engenharia Civil - integral - Bauru;60;38;2;20;0;36;24;60;4;2022-48-59.pdf;2022;;
Engenharia de Produção - noturno - Bauru;40;22;3;15;0;28;12;40;4;2022-48-59.pdf;2022;;
Engenharia Elétrica - integral - Bauru;60;34;2;24;0;52;8;60;4;2022-48-59.pdf;2022;;
Engenharia Mecânica - integral - Bauru;60;36;2;22;0;52;8;60;4;2022-48-59.pdf;2022;;
Física - noturno - Bauru;;;;;;;;;4;2022-48-59.pdf;2022;;
Matemática - Licenciatura - noturno - Bauru;40;28;6;0;6;18;16;34;4;2022-48-59.pdf;2022;;
Meteorologia - Bacharelado - integral - Bauru;40;20;0;0;20;15;5;20;4;2022-48-59.pdf;2022;;
Química - Bacharelado em Química Tecnológica - vespertino-noturno - Bauru;20;18;1;2;-1;14;7;21;4;2022-48-59.pdf;2022;;
Química - Licenciatura - noturno - Bauru;20;17;3;0;0;17;3;20;4;2022-48-59.pdf;2022;;
Sistemas de Informação - Bacharelado - noturno - Bauru;40;28;5;7;0;32;8;40;4;2022-48-59.pdf;2022;;
Ciência da Computação - Bacharelado - integral - Bauru;30;5;0;0;2;3;5;;5;2022-48-59.pdf;2022;;
Engenharia Civil - integral - Bauru;60;8;0;2;7;3;10;;5;2022-48-59.pdf;2022;;
Engenharia de Produção - noturno - Bauru;40;3;0;1;1;3;4;;5;2022-48-59.pdf;2022;;
Engenharia Elétrica - integral - Bauru;60;7;0;0;5;2;7;;5;2022-48-59.pdf;2022;;
Engenharia Mecânica - integral - Bauru;60;6;0;2;4;4;8;;5;2022-48-59.pdf;2022;;
#NOME?;;;;;;;;;5;2022-48-59.pdf;2022;;
Matemática - Licenciatura - noturno - Bauru;40;8;0;0;5;3;8;;5;2022-48-59.pdf;2022;;
Meteorologia - Bacharelado - integral - Bauru;40;1;0;0;0;1;1;;5;2022-48-59.pdf;2022;;
Química - Bacharelado em Química Tecnológica - vespertino-noturno - Bauru;20;4;0;1;3;2;5;;5;2022-48-59.pdf;2022;;
Química - Licenciatura - noturno - Bauru;20;4;0;0;3;1;4;;5;2022-48-59.pdf;2022;;
Sistemas de Informação - Bacharelado - noturno - Bauru;40;4;2;0;4;2;6;;5;2022-48-59.pdf;2022;;
Ciência da Computação - Bacharelado - integral - Bauru;30;1;2;0;2;1;3;;6;2022-48-59.pdf;2022;;
Engenharia Civil - integral - Bauru;60;5;0;1;2;4;6;;6;2022-48-59.pdf;2022;;
Engenharia de Produção - noturno - Bauru;40;6;1;1;4;4;8;;6;2022-48-59.pdf;2022;;
Engenharia Elétrica - integral - Bauru;60;5;0;2;6;1;7;;6;2022-48-59.pdf;2022;;
Engenharia Mecânica - integral - Bauru;60;2;1;2;5;0;5;;6;2022-48-59.pdf;2022;;
noturno - Bauru;;;;;;;;;6;2022-48-59.pdf;2022;;
Matemática - Licenciatura - noturno - Bauru;40;6;1;0;4;3;7;;6;2022-48-59.pdf;2022;;
Meteorologia - Bacharelado - integral - Bauru;40;3;0;0;3;0;3;;6;2022-48-59.pdf;2022;;
Química - Bacharelado em Química Tecnológica - vespertino-noturno - Bauru;20;1;0;0;0;1;1;;6;2022-48-59.pdf;2022;;
Química - Licenciatura - noturno - Bauru;20;2;0;0;2;0;2;;6;2022-48-59.pdf;2022;;
Sistemas de Informação - Bacharelado - noturno - Bauru;40;4;1;1;6;0;6;;6;2022-48-59.pdf;2022;;
Arquitetura e Urbanismo - integral - Bauru;45;37;2;6;0;20;;25;7;2022-48-59.pdf;2022;45;
Artes Visuais - Bacharelado e Licenciatura - vespertino/noturno - Bauru;40;37;2;1;0;12;;28;7;2022-48-59.pdf;2022;40;
Comunicação: Rádio; Televisão e Internet - integral - Bauru;30;23;1;6;0;15;;15;7;2022-48-59.pdf;2022;30
Design (Design Gráﬁ co ou Design de Produto) - noturno - Bauru;60;52;4;4;0;15;;45;7;2022-48-59.pdf;2022;60;
Design (Design Gráﬁ co) - integral - Bauru;30;26;3;0;1;13;;16;7;2022-48-59.pdf;2022;29;
Jornalismo - matutino - Bauru;40;26;4;9;1;8;;31;7;2022-48-59.pdf;2022;39;
Jornalismo - noturno - Bauru;50;37;6;6;1;22;;27;7;2022-48-59.pdf;2022;49;
Pedagogia - Licenciatura - noturno - Bauru;40;31;6;3;0;4;36;40;8;2022-48-59.pdf;2022;;
Psicologia - integral - Bauru;35;25;3;7;0;10;25;35;8;2022-48-59.pdf;2022;;
Psicologia - noturno - Bauru;35;28;3;4;0;9;26;35;8;2022-48-59.pdf;2022;;
Relações Públicas - noturno - Bauru;50;40;1;7;2;10;38;48;8;2022-48-59.pdf;2022;;
Arquitetura e Urbanismo - integral - Bauru;45;5;0;1;3;;3;6;9;2022-48-59.pdf;2022;;
Artes Visuais - Bacharelado e Licenciatura - vespertino/noturno - Bauru;40;3;0;0;0;;3;3;9;2022-48-59.pdf;2022;;
Comunicação: Rádio; Televisão e Internet - integral - Bauru;30;1;0;1;1;;1;2;9;2022-48-59.pdf;2022;
Design (Design Gráﬁ co ou Design de Produto) - noturno - Bauru;60;6;0;2;1;;7;8;9;2022-48-59.pdf;2022;;
Design (Design Gráﬁ co) - integral - Bauru;30;6;1;0;4;;3;7;9;2022-48-59.pdf;2022;;
Jornalismo - matutino - Bauru;40;5;0;0;1;;4;5;9;2022-48-59.pdf;2022;;
Jornalismo - noturno - Bauru;50;3;0;0;1;;2;3;9;2022-48-59.pdf;2022;;
Pedagogia - Licenciatura - noturno - Bauru;40;4;1;1;1;5;6;;10;2022-48-59.pdf;2022;;
Psicologia - integral - Bauru;35;4;1;0;1;4;5;;10;2022-48-59.pdf;2022;;
Psicologia - noturno - Bauru;35;0;0;0;0;0;0;;10;2022-48-59.pdf;2022;;
Relações Públicas - noturno - Bauru;50;3;0;1;0;4;4;;10;2022-48-59.pdf;2022;;
Arquitetura e Urbanismo - integral - Bauru;45;6;0;1;4;3;7;;11;2022-48-59.pdf;2022;;
Artes Visuais - Bacharelado e Licenciatura - vespertino/noturno - Bauru;40;5;0;0;4;1;5;;11;2022-48-59.pdf;2022;;
Comunicação: Rádio; Televisão e Internet - integral - Bauru;30;3;0;0;1;2;3;;11;2022-48-59.pdf;2022;
Design (Design Gráﬁ co ou Design de Produto) - noturno - Bauru;60;7;2;0;1;8;9;;11;2022-48-59.pdf;2022;;
Design (Design Gráﬁ co) - integral - Bauru;30;1;0;0;1;0;1;;11;2022-48-59.pdf;2022;;
Jornalismo - matutino - Bauru;40;4;0;0;1;3;4;;11;2022-48-59.pdf;2022;;
Jornalismo - noturno - Bauru;50;5;0;2;3;4;7;;11;2022-48-59.pdf;2022;;
Pedagogia - Licenciatura - noturno - Bauru;40;4;2;0;0;6;6;;12;2022-48-59.pdf;2022;;
Psicologia - integral - Bauru;35;2;0;0;1;1;2;;12;2022-48-59.pdf;2022;;
Psicologia - noturno - Bauru;35;9;0;2;1;10;11;;12;2022-48-59.pdf;2022;;
Relações Públicas - noturno - Bauru;50;4;1;0;1;4;5;;12;2022-48-59.pdf;2022;;
Ciências Biológicas - Bacharelado e Licenciatura - integral - Bauru;40;14;9;17;0;15;25;40;1;2023-48-59.pdf;2023;;
Ciências Biológicas - Licenciatura - noturno - Bauru;40;27;10;3;0;15;25;40;1;2023-48-59.pdf;2023;;
Educação Física - Bacharelado - integral - Bauru;20;9;4;7;0;15;5;20;1;2023-48-59.pdf;2023;;
Educação Física - Bacharelado - noturno - Bauru;20;13;2;4;1;14;5;19;1;2023-48-59.pdf;2023;;
Educação Física - Licenciatura - integral - Bauru;20;10;3;7;0;12;8;20;1;2023-48-59.pdf;2023;;
Educação Física - Licenciatura - noturno - Bauru;20;11;3;6;0;10;10;20;1;2023-48-59.pdf;2023;;
Ciências Biológicas - Bacharelado e Licenciatura - integral - Bauru;40;2;0;1;2;1;3;;2;2023-48-59.pdf;2023;;
Ciências Biológicas - Licenciatura - noturno - Bauru;40;4;1;1;2;4;6;;2;2023-48-59.pdf;2023;;
Educação Física - Bacharelado - integral - Bauru;20;0;0;1;1;0;1;;2;2023-48-59.pdf;2023;;
Educação Física - Bacharelado - noturno - Bauru;20;3;1;1;4;1;5;;2;2023-48-59.pdf;2023;;
Educação Física - Licenciatura - integral - Bauru;20;3;1;1;4;1;5;;2;2023-48-59.pdf;2023;;
Educação Física - Licenciatura - noturno - Bauru;20;1;1;1;0;3;3;;2;2023-48-59.pdf;2023;;
Ciências Biológicas - Bacharelado e Licenciatura - integral - Bauru;40;5;0;2;1;6;7;;3;2023-48-59.pdf;2023;;
Ciências Biológicas - Licenciatura - noturno - Bauru;40;5;2;1;1;7;8;;3;2023-48-59.pdf;2023;;
Educação Física - Bacharelado - integral - Bauru;20;2;1;1;2;2;4;;3;2023-48-59.pdf;2023;;
Educação Física - Bacharelado - noturno - Bauru;20;3;0;2;3;2;5;;3;2023-48-59.pdf;2023;;
Educação Física - Licenciatura - integral - Bauru;20;3;0;0;1;2;3;;3;2023-48-59.pdf;2023;;
Educação Física - Licenciatura - noturno - Bauru;20;2;1;1;1;3;4;;3;2023-48-59.pdf;2023;;
Ciência da Computação - Bacharelado - integral - Bauru;30;7;2;20;1;27;2;29;4;2023-48-59.pdf;2023;;
Engenharia Civil - integral - Bauru;60;13;20;27;0;39;21;60;4;2023-48-59.pdf;2023;;
Engenharia de Produção - vespertino/noturno - Bauru;40;8;10;22;0;25;15;40;4;2023-48-59.pdf;2023;;
Engenharia Elétrica - integral - Bauru;60;19;12;29;0;55;5;60;4;2023-48-59.pdf;2023;;
Engenharia Mecânica - integral - Bauru;60;11;9;40;0;51;9;60;4;2023-48-59.pdf;2023;;
Física - noturno - Bauru;;;;;;;;;4;2023-48-59.pdf;2023;;
Matemática - Licenciatura - noturno - Bauru;40;24;7;7;2;20;18;38;4;2023-48-59.pdf;2023;;
Meteorologia - Bacharelado - integral - Bauru;40;7;0;3;30;6;4;10;4;2023-48-59.pdf;2023;;
Química - Bacharelado em Química Tecnológica - vespertino-noturno - Bauru;20;9;6;5;0;9;11;20;4;2023-48-59.pdf;2023;;
Química - Licenciatura - noturno - Bauru;20;9;5;5;1;9;10;19;4;2023-48-59.pdf;2023;;
Sistemas de Informação - Bacharelado - noturno - Bauru;40;24;5;10;1;30;9;39;4;2023-48-59.pdf;2023;;
Ciência da Computação - Bacharelado - integral - Bauru;30;2;0;4;5;1;6;;5;2023-48-59.pdf;2023;;
Engenharia Civil - integral - Bauru;60;2;0;5;6;1;7;;5;2023-48-59.pdf;2023;;
Engenharia de Produção - vespertino/noturno - Bauru;40;2;2;1;2;3;5;;5;2023-48-59.pdf;2023;;
Engenharia Elétrica - integral - Bauru;60;6;0;2;6;2;8;;5;2023-48-59.pdf;2023;;
Engenharia Mecânica - integral - Bauru;60;4;1;6;10;1;11;;5;2023-48-59.pdf;2023;;
#NOME?;;;;;;;;;5;2023-48-59.pdf;2023;;
Matemática - Licenciatura - noturno - Bauru;40;6;2;3;6;5;11;;5;2023-48-59.pdf;2023;;
Meteorologia - Bacharelado - integral - Bauru;40;0;0;0;0;0;0;;5;2023-48-59.pdf;2023;;
Química - Bacharelado em Química Tecnológica - vespertino-noturno - Bauru;20;2;0;1;0;3;3;;5;2023-48-59.pdf;2023;;
Química - Licenciatura - noturno - Bauru;20;0;1;0;1;0;1;;5;2023-48-59.pdf;2023;;
Sistemas de Informação - Bacharelado - noturno - Bauru;40;8;0;1;8;1;9;;5;2023-48-59.pdf;2023;;
Ciência da Computação - Bacharelado - integral - Bauru;30;0;0;0;0;0;0;;6;2023-48-59.pdf;2023;;
Engenharia Civil - integral - Bauru;60;4;2;2;4;4;8;;6;2023-48-59.pdf;2023;;
Engenharia de Produção - vespertino/noturno - Bauru;40;1;2;1;2;2;4;;6;2023-48-59.pdf;2023;;
Engenharia Elétrica - integral - Bauru;60;2;4;1;7;0;7;;6;2023-48-59.pdf;2023;;
Engenharia Mecânica - integral - Bauru;60;2;1;4;7;0;7;;6;2023-48-59.pdf;2023;;
noturno - Bauru;;;;;;;;;6;2023-48-59.pdf;2023;;
Matemática - Licenciatura - noturno - Bauru;40;4;1;0;3;2;5;;6;2023-48-59.pdf;2023;;
Meteorologia - Bacharelado - integral - Bauru;40;1;0;1;0;2;2;;6;2023-48-59.pdf;2023;;
Química - Bacharelado em Química Tecnológica - vespertino-noturno - Bauru;20;0;2;0;0;2;2;;6;2023-48-59.pdf;2023;;
Química - Licenciatura - noturno - Bauru;20;1;1;2;2;2;4;;6;2023-48-59.pdf;2023;;
Sistemas de Informação - Bacharelado - noturno - Bauru;40;2;1;0;2;1;3;;6;2023-48-59.pdf;2023;;
Arquitetura e Urbanismo - integral - Bauru;45;29;5;10;1;12;;32;7;2023-48-59.pdf;2023;44;
Artes Visuais - Bacharelado e Licenciatura - vespertino/noturno - Bauru;40;31;4;4;1;7;;32;7;2023-48-59.pdf;2023;39;
Comunicação: Rádio; Televisão e Internet - integral - Bauru;30;14;5;11;0;17;;13;7;2023-48-59.pdf;2023;30
Design (Design Gráﬁ co ou Design de Produto) - noturno - Bauru;60;49;8;3;0;22;;38;7;2023-48-59.pdf;2023;60;
Design (Design Gráﬁ co) - integral - Bauru;30;23;3;4;0;4;;26;7;2023-48-59.pdf;2023;30;
Jornalismo - matutino - Bauru;40;18;9;12;1;13;;26;7;2023-48-59.pdf;2023;39;
Jornalismo - noturno - Bauru;50;33;9;7;1;24;;25;7;2023-48-59.pdf;2023;49;
Psicologia - integral - Bauru;35;11;7;17;0;8;27;35;8;2023-48-59.pdf;2023;;
Psicologia - noturno - Bauru;35;22;3;10;0;14;21;35;8;2023-48-59.pdf;2023;;
Relações Públicas - noturno - Bauru;50;24;15;9;2;20;28;48;8;2023-48-59.pdf;2023;;
Arquitetura e Urbanismo - integral - Bauru;45;4;0;1;2;;3;5;9;2023-48-59.pdf;2023;;
Artes Visuais - Bacharelado e Licenciatura - vespertino/noturno - Bauru;40;3;1;0;0;;4;4;9;2023-48-59.pdf;2023;;
Comunicação: Rádio; Televisão e Internet - integral - Bauru;30;0;0;0;0;;0;0;9;2023-48-59.pdf;2023;
Design (Design Gráﬁ co ou Design de Produto) - noturno - Bauru;60;4;0;2;1;;5;6;9;2023-48-59.pdf;2023;;
Design (Design Gráﬁ co) - integral - Bauru;30;5;0;1;1;;5;6;9;2023-48-59.pdf;2023;;
Jornalismo - matutino - Bauru;40;3;1;1;0;;5;5;9;2023-48-59.pdf;2023;;
Jornalismo - noturno - Bauru;50;6;0;1;3;;4;7;9;2023-48-59.pdf;2023;;
Pedagogia - Licenciatura - noturno - Bauru;40;2;1;0;1;2;3;;10;2023-48-59.pdf;2023;;
Psicologia - integral - Bauru;35;1;1;0;2;0;2;;10;2023-48-59.pdf;2023;;
Psicologia - noturno - Bauru;35;3;0;1;3;1;4;;10;2023-48-59.pdf;2023;;
Relações Públicas - noturno - Bauru;50;2;1;1;1;3;4;;10;2023-48-59.pdf;2023;;
Arquitetura e Urbanismo - integral - Bauru;45;3;0;1;0;4;4;;11;2023-48-59.pdf;2023;;
Artes Visuais - Bacharelado e Licenciatura - vespertino/noturno - Bauru;40;4;0;1;2;3;5;;11;2023-48-59.pdf;2023;;
Comunicação: Rádio; Televisão e Internet - integral - Bauru;30;1;0;1;1;1;2;;11;2023-48-59.pdf;2023;
Design (Design Gráﬁ co ou Design de Produto) - noturno - Bauru;60;5;2;0;1;6;7;;11;2023-48-59.pdf;2023;;
Design (Design Gráﬁ co) - integral - Bauru;30;2;0;0;1;1;2;;11;2023-48-59.pdf;2023;;
Jornalismo - matutino - Bauru;40;0;0;1;1;0;1;;11;2023-48-59.pdf;2023;;
Jornalismo - noturno - Bauru;50;2;1;0;1;2;3;;11;2023-48-59.pdf;2023;;
Pedagogia - Licenciatura - noturno - Bauru;40;7;0;0;1;6;7;;12;2023-48-59.pdf;2023;;
Psicologia - integral - Bauru;35;1;0;0;0;1;1;;12;2023-48-59.pdf;2023;;
Psicologia - noturno - Bauru;35;0;0;0;0;0;0;;12;2023-48-59.pdf;2023;;
Relações Públicas - noturno - Bauru;50;7;3;0;5;5;10;;12;2023-48-59.pdf;2023;;
Ciências Biológicas - Bacharelado e Licenciatura - integral - Bauru;36;19;4;13;0;14;22;36;1;2024-47-58.pdf;2024;;
Ciências Biológicas - Licenciatura - noturno - Bauru;36;23;7;8;-2;11;27;38;1;2024-47-58.pdf;2024;;
Educação Física - Bacharelado - integral - Bauru;18;4;7;7;0;15;3;18;1;2024-47-58.pdf;2024;;
Educação Física - Bacharelado - noturno - Bauru;18;12;2;4;0;14;4;18;1;2024-47-58.pdf;2024;;
Educação Física - Licenciatura - integral - Bauru;18;8;6;4;0;14;4;18;1;2024-47-58.pdf;2024;;
Educação Física - Licenciatura - noturno - Bauru;18;13;4;1;0;15;3;18;1;2024-47-58.pdf;2024;;
Ciências Biológicas - Bacharelado e Licenciatura - integral - Bauru;36;1;0;0;1;0;1;;2;2024-47-58.pdf;2024;;
Ciências Biológicas - Licenciatura - noturno - Bauru;36;1;0;1;1;1;2;;2;2024-47-58.pdf;2024;;
Educação Física - Bacharelado - integral - Bauru;18;1;2;0;3;0;3;;2;2024-47-58.pdf;2024;;
Educação Física - Bacharelado - noturno - Bauru;18;0;0;1;1;0;1;;2;2024-47-58.pdf;2024;;
Educação Física - Licenciatura - integral - Bauru;18;1;1;0;2;0;2;;2;2024-47-58.pdf;2024;;
Educação Física - Licenciatura - noturno - Bauru;18;2;1;0;2;1;3;;2;2024-47-58.pdf;2024;;
Ciências Biológicas - Bacharelado e Licenciatura - integral - Bauru;36;3;0;2;2;3;5;;3;2024-47-58.pdf;2024;;
Ciências Biológicas - Licenciatura - noturno - Bauru;36;8;1;5;3;11;14;;3;2024-47-58.pdf;2024;;
Educação Física - Bacharelado - integral - Bauru;18;0;0;1;1;0;1;;3;2024-47-58.pdf;2024;;
Educação Física - Bacharelado - noturno - Bauru;18;3;0;0;3;0;3;;3;2024-47-58.pdf;2024;;
Educação Física - Licenciatura - integral - Bauru;18;1;1;0;2;0;2;;3;2024-47-58.pdf;2024;;
Educação Física - Licenciatura - noturno - Bauru;18;0;0;0;0;0;0;;3;2024-47-58.pdf;2024;;
Ciência da Computação - Bacharelado - integral - Bauru;27;2;3;21;1;19;7;26;4;2024-47-58.pdf;2024;;
Engenharia Civil - integral - Bauru;54;11;7;36;0;29;25;54;4;2024-47-58.pdf;2024;;
Engenharia de Produção - vespertino/noturno - Bauru;36;8;10;18;0;26;10;36;4;2024-47-58.pdf;2024;;
Engenharia Elétrica - integral - Bauru;54;8;7;40;-1;45;10;55;4;2024-47-58.pdf;2024;;
Engenharia Mecânica - integral - Bauru;54;10;11;35;-2;43;13;56;4;2024-47-58.pdf;2024;;
Física - noturno - Bauru;;;;;;;;;4;2024-47-58.pdf;2024;;
Matemática - Licenciatura - noturno - Bauru;32;14;11;10;-3;19;16;35;4;2024-47-58.pdf;2024;;
Meteorologia - Bacharelado - integral - Bauru;30;4;0;2;24;4;2;6;4;2024-47-58.pdf;2024;;
Química - Bacharelado em Química Tecnológica - vespertino-noturno - Bauru;18;10;2;6;0;11;7;18;4;2024-47-58.pdf;2024;;
Química - Licenciatura - noturno - Bauru;18;13;4;1;0;8;10;18;4;2024-47-58.pdf;2024;;
Sistemas de Informação - Bacharelado - noturno - Bauru;36;15;14;8;-1;27;10;37;4;2024-47-58.pdf;2024;;
Ciência da Computação - Bacharelado - integral - Bauru;27;0;1;4;3;2;5;;5;2024-47-58.pdf;2024;;
Engenharia Civil - integral - Bauru;54;3;1;6;8;2;10;;5;2024-47-58.pdf;2024;;
Engenharia de Produção - vespertino/noturno - Bauru;36;1;1;1;2;1;3;;5;2024-47-58.pdf;2024;;
Engenharia Elétrica - integral - Bauru;54;3;1;1;3;2;5;;5;2024-47-58.pdf;2024;;
Engenharia Mecânica - integral - Bauru;54;2;2;7;9;2;11;;5;2024-47-58.pdf;2024;;
noturno - Bauru;;;;;;;;;5;2024-47-58.pdf;2024;;
Matemática - Licenciatura - noturno - Bauru;32;2;3;1;2;4;6;;5;2024-47-58.pdf;2024;;
Meteorologia - Bacharelado - integral - Bauru;30;0;0;0;0;0;0;;5;2024-47-58.pdf;2024;;
Química - Bacharelado em Química Tecnológica - vespertino-noturno - Bauru;18;2;1;2;1;4;5;;5;2024-47-58.pdf;2024;;
Química - Licenciatura - noturno - Bauru;18;1;1;0;0;2;2;;5;2024-47-58.pdf;2024;;
Sistemas de Informação - Bacharelado - noturno - Bauru;36;1;2;0;2;1;3;;5;2024-47-58.pdf;2024;;
Ciência da Computação - Bacharelado - integral - Bauru;27;0;0;1;1;0;1;;6;2024-47-58.pdf;2024;;
Engenharia Civil - integral - Bauru;54;1;0;2;2;1;3;;6;2024-47-58.pdf;2024;;
Engenharia de Produção - vespertino/noturno - Bauru;36;5;0;1;3;3;6;;6;2024-47-58.pdf;2024;;
Engenharia Elétrica - integral - Bauru;54;1;0;3;3;1;4;;6;2024-47-58.pdf;2024;;
Engenharia Mecânica - integral - Bauru;54;0;1;3;3;1;4;;6;2024-47-58.pdf;2024;;
noturno - Bauru;;;;;;;;;6;2024-47-58.pdf;2024;;
Matemática - Licenciatura - noturno - Bauru;32;1;3;0;2;2;4;;6;2024-47-58.pdf;2024;;
Meteorologia - Bacharelado - integral - Bauru;30;0;0;1;0;1;1;;6;2024-47-58.pdf;2024;;
Química - Bacharelado em Química Tecnológica - vespertino-noturno - Bauru;18;0;0;0;0;0;0;;6;2024-47-58.pdf;2024;;
Química - Licenciatura - noturno - Bauru;18;1;0;0;0;1;1;;6;2024-47-58.pdf;2024;;
Sistemas de Informação - Bacharelado - noturno - Bauru;36;0;1;1;0;2;2;;6;2024-47-58.pdf;2024;;
Arquitetura e Urbanismo - integral - Bauru;45;23;13;9;0;10;;35;7;2024-47-58.pdf;2024;45;
Artes Visuais - Bacharelado e Licenciatura - vespertino/noturno - Bauru;40;27;8;5;0;17;;23;7;2024-47-58.pdf;2024;40;
Comunicação: Rádio; Televisão e Internet - integral - Bauru;27;6;9;12;0;14;;13;7;2024-47-58.pdf;2024;27
Design - integral - Bauru;30;21;3;6;0;16;;14;7;2024-47-58.pdf;2024;30;
Design - noturno - Bauru;60;44;11;5;0;16;;44;7;2024-47-58.pdf;2024;60;
Jornalismo - matutino - Bauru;36;17;9;9;1;8;;27;7;2024-47-58.pdf;2024;35;
Jornalismo - noturno - Bauru;45;23;12;12;-2;26;;21;7;2024-47-58.pdf;2024;47;
Pedagogia - Licenciatura - noturno - Bauru;45;25;15;5;0;7;38;45;8;2024-47-58.pdf;2024;;
Psicologia - integral - Bauru;31;3;11;18;-1;10;22;32;8;2024-47-58.pdf;2024;;
Psicologia - noturno - Bauru;31;23;6;3;-1;11;21;32;8;2024-47-58.pdf;2024;;
Relações Públicas - noturno - Bauru;45;20;17;11;-3;13;35;48;8;2024-47-58.pdf;2024;;
Arquitetura e Urbanismo - integral - Bauru;45;1;0;1;0;;2;2;9;2024-47-58.pdf;2024;;
Artes Visuais - Bacharelado e Licenciatura - vespertino/noturno - Bauru;40;1;1;0;2;;0;2;9;2024-47-58.pdf;2024;;
Comunicação: Rádio; Televisão e Internet - integral - Bauru;27;0;1;0;0;;1;1;9;2024-47-58.pdf;2024;
Design - integral - Bauru;30;2;0;0;2;;0;2;9;2024-47-58.pdf;2024;;
Design - noturno - Bauru;60;5;1;0;4;;2;6;9;2024-47-58.pdf;2024;;
Jornalismo - matutino - Bauru;36;3;3;0;2;;4;6;9;2024-47-58.pdf;2024;;
Jornalismo - noturno - Bauru;45;3;1;1;3;;2;5;9;2024-47-58.pdf;2024;;
Pedagogia - Licenciatura - noturno - Bauru;45;3;1;0;1;3;4;;10;2024-47-58.pdf;2024;;
Psicologia - integral - Bauru;31;0;0;1;0;1;1;;10;2024-47-58.pdf;2024;;
Psicologia - noturno - Bauru;31;0;0;0;0;0;0;;10;2024-47-58.pdf;2024;;
Relações Públicas - noturno - Bauru;45;1;1;1;0;3;3;;10;2024-47-58.pdf;2024;;
Arquitetura e Urbanismo - integral - Bauru;45;3;1;0;2;2;4;;11;2024-47-58.pdf;2024;;
Artes Visuais - Bacharelado e Licenciatura - vespertino/noturno - Bauru;40;4;2;0;3;3;6;;11;2024-47-58.pdf;2024;;
Comunicação: Rádio; Televisão e Internet - integral - Bauru;27;2;0;1;0;3;3;;11;2024-47-58.pdf;2024;
Design - integral - Bauru;30;1;0;0;0;1;1;;11;2024-47-58.pdf;2024;;
Design - noturno - Bauru;60;9;0;2;3;8;11;;11;2024-47-58.pdf;2024;;
Jornalismo - matutino - Bauru;36;1;1;0;0;2;2;;11;2024-47-58.pdf;2024;;
Jornalismo - noturno - Bauru;45;2;1;0;2;1;3;;11;2024-47-58.pdf;2024;;
Pedagogia - Licenciatura - noturno - Bauru;45;5;3;3;2;9;11;;12;2024-47-58.pdf;2024;;
Psicologia - integral - Bauru;31;0;0;0;0;0;0;;12;2024-47-58.pdf;2024;;
Psicologia - noturno - Bauru;31;2;1;0;2;1;3;;12;2024-47-58.pdf;2024;;
Relações Públicas - noturno - Bauru;45;3;3;1;1;6;7;;12;2024-47-58.pdf;2024;;
